image_id,reference,prediction,valid,exact_isomeric,exact_nonisomeric,tanimoto,seconds,inference_error
CDK_Depict_10_73,FP(F)(F)(F)P(F)(F)(F)F,FP(F)(F)(F)P(F)(F)([Z11])[Z11],False,False,False,0.0,4.374811887741089,
CDK_Depict_10_81,CC=C(C=C)C(=N/N=C/N)C(=O)C,C=CC(=CC)C(=N/N=C/N)C(=O)C,True,True,True,1.0,2.797867774963379,
CDK_Depict_18_73,C1C[C@@]2(C[C@H]3C[C@H]3[C@H]1[C@H]4[C@@H]2C4)O,C1C[C@]2(C[C@H]3C[C@H]3[C@@H]1[C@@H]4C[C@@H]42)O,True,False,True,1.0,5.654800653457642,
CDK_Depict_20_96,CCOC(=O)[C@]1(C[C@@H]2CC3=CC=CC=C3N2N1)C,CCOC(=O)[C@@]1(C)C[C@H]2CC3=C(C=CC=C3)N2N1,True,False,True,1.0,4.600919008255005,
CDK_Depict_22_22,CC=CCC=CCCC(=O)[C@@H]1[C@@H](O1)C(=O)N,CCCCCCCCCCCCCCCCCCCCCCCCCCCCCCCCCCCCCCCCCCCCCCCCCCCCCCCCCCCCCCCCCCCCCCCCCCCCCCCCCCCCCCCCCCCCCCCCCCCCCCCCCCCCCCCCCCCCCCCCCCCCCCCCCCCCCCCCCCCCCCCCCCCCCCCCCCCCCCCCCCCCCCCCCCCCCCCCCCCCCCCCCCCCCCCCCCCCCCCCCCCCCCCCCCCCCCCCCCCCCCCCCCCCCCCCCCCCCCCCCCCCCCCCCCCCCCCCCCCCCCCCCCCCCCCCCCCCCCCCCCCCCCCCCCCCCCCCCCCCCC,True,False,False,0.054054054054054,67.15836977958679,
CDK_Depict_2_58,CI(CN=O)S,CI(CN=O)S,True,True,True,1.0,1.7250778675079346,
CDK_Depict_2_74,CC[C@@]1(CC[C@@H]2[C@@]1(CC[C@H]3[C@H]2CCC4=CC(=O)CC[C@H]34)C)O,CC[C@@]1(CC[C@H]2[C@@H]3CCC4=CC(=O)CC[C@]4(C)[C@H]3CC[C@@]21C)O,True,False,False,0.6037735849056604,7.481699466705322,
CDK_Depict_30_287,CN(C)[SiH](N(C)C)[Si](N(C)C)(N(C)C)N(C)C,CN(C)[SiH](N(C)C)[Si](N(C)C)(N(C)C)N(C)C,True,True,True,1.0,3.774122714996338,
CDK_Depict_31_7,F[Ru](F)(F)(F)(F)(F)(F)F,F[Ru](F)(F)(F)(F)(F)F,True,False,False,0.1428571428571428,2.392240047454834,
CDK_Depict_33_6,C1=CC(=O)C(C(=C1)ON=CC(F)F)[N+](=O)[O-],C1=CC(=O)C(C(=C1)ON=CC(F)F)[N+](=O)[O-],True,True,True,1.0,5.190008163452148,
CDK_Depict_34_75,C1C(=C(C=CC1([N+](=O)[O-])O)SF)I,CC1=C(C=CC(C1)([N+](=O)[O-])O)SF,True,False,False,0.6842105263157895,3.2628419399261475,
CDK_Depict_38_105,[B-](CCCC)[N+]1=CN(C=C1)[B-](CCCC)[N+](C)(C)CC,CCCC[B-][N+]1=CN(C)C=C1.CCCC[B-][N+](C)(C)CC,True,False,False,0.5,4.274628162384033,
CDK_Depict_39_146,CCCCCOC(=C)N/C(=C(\CC)/C=C)/C=C/Cl,CCCCCOC(=C)N/C(=C(/C=C)\CC)/C=C/Cl,True,True,True,1.0,4.151668548583984,
CDK_Depict_41_73,CC1=CC(=NN1)N/N=C(/C#N)\C(=O)N,CC1=CC(=NN1)N/N=C(/C#N)\C(=O)N,True,True,True,1.0,3.660610675811768,
CDK_Depict_45_46,CC1=NC(CC1=O)(C)CNCCNC(=S)NC,CC1=NC(C)(CC1=O)CNCCNC(=S)NC,True,True,True,1.0,3.0449752807617188,
CDK_Depict_46_12,C[N+](=C)O[N-][N+](=N)C,C=[N+](C)O[N-][N+](=N)C,True,True,True,1.0,2.559233903884888,
CDK_Depict_5_27,C[C@]12CC[C@H]3[C@H]([C@@H]1CC[C@@H]2O)CC=C4[C@@]3(CC[C@@H](C4)O)C,C[C@@]12CC[C@@H](CC2=CC[C@@]3([C@@H]4CC[C@@H]([C@@]4(C)CC[C@@]13[X])O)[X])O,False,False,False,0.0,8.801865100860596,
CDK_Depict_5_30,C1=CN=NN=C1S(=O)(=O)Cl,C1=CN=NN=C1S(=O)(=O)Cl,True,True,True,1.0,2.408496856689453,
CDK_Depict_9_37,C(=C(/F)\I)(\F)/I,C(=C(F)I)(F)I,True,False,True,1.0,1.9374680519104004,
CDK_Depict_9_4,C1(=NON=C1C(=O)N)C(=O)N,C1(=NON=C1C(=O)N)C(=O)N,True,True,True,1.0,3.0726537704467773,
CDK_Depict_33_7,[As-](I)(I)(I)(I)(I)I,[77As](I)(I)(I)(I)I,True,False,False,0.14285714285714285,4.092421770095825,
CDK_Depict_22_27,C1=CC(OC1C#N)O,C1=C[C](O)OC1C#N,True,False,False,0.3793103448275862,2.4987123012542725,
CDK_Depict_45_61,C1=CN2C(=CN=N2)C=NN1,C1=CN2C(=CN=N2)C=NN1,True,True,True,1.0,2.406033754348755,
CDK_Depict_21_1,C1[C@H](N(C[C@]1(C(=O)O)N)CC2=CC=CC=C2)C(=O)O,C1=CC=C(C=C1)CN2C[C@](C[C@H]2C(=O)O)(C(=O)O)N,True,True,True,1.0,5.969463109970093,
CDK_Depict_39_16,CC(C=C)[Te]C,C=C[C](C)[I-]C,True,False,False,0.16666666666666666,2.464778423309326,
CDK_Depict_5_44,CC(C)(C)OC(=O)N[C@H](CC1CCCCC1)[C@@H](C(F)(F)F)O,CC(C)(C)OC(=O)N[C@H](CC1CCCCC1)[C@@H](C(F)(F)F)O,True,True,True,1.0,4.699010372161865,
CDK_Depict_9_58,C1=CC=PC(=C1)C2=CC=CC=P2,C1=CC=PC(=C1)C2=CC=CC=P2,True,True,True,1.0,2.648499011993408,
CDK_Depict_2_63,C[Si]1([Se][Si]([Se]1)(C)C)C,CS1(=[Se][Si](C)(C)[Se]1)C,True,False,False,0.3125,3.5063841342926025,
CDK_Depict_5_48,CSC(=NC(=O)C(=O)N=C(SC)Cl)Cl,CSC(=NC(=O)C(=O)N=C(Cl)SC)Cl,True,True,True,1.0,3.935382127761841,
CDK_Depict_41_86,COC1C(=O)C(=CC2=CC=CO2)C=CO1,COC1CC(=CC2=CC=CO2)C=CO1,True,False,False,0.5106382978723404,3.3284637928009033,
CDK_Depict_38_116,CCOC(=O)C(=N)COOCC,CCOC(=O)C(=N)COOCC,True,True,True,1.0,2.773970365524292,
CDK_Depict_18_79,C/C(=N\O)/[C@H]1[C@H]2[C@H](C2(C)C)CC1=NO,C/C(=N\O)/[C@@H]1C(=NO)C[C@@H]2C[C@H]1C2(C)C,True,False,False,0.6,5.770051002502441,
CDK_Depict_46_27,C(N1C(C(N(C1=S)CO)O)O)O,C(N1C(C(N(CO)C1=S)O)O)O,True,True,True,1.0,3.153036594390869,
CDK_Depict_30_295,CC(C)OP(=S)(NC)Cl,CC(C)OP(=S)(Cl)NC,True,True,True,1.0,2.1452953815460205,
CDK_Depict_10_74,[2H]C(C=C)P(Br)Br,C=CC([2H])P(Br)Br,True,True,True,1.0,2.0778844356536865,
CDK_Depict_31_78,C1(=S)OSS1,C1(=S)OSS1,True,True,True,1.0,1.7424404621124268,
CDK_Depict_10_83,CP1(=NS2=NS(=N1)N=S=N2)C,N1=S2N=S3N=S1N=S3N2,True,False,False,0.11428571428571428,2.3571128845214844,
CDK_Depict_34_85,C[N+]1(C=CC(=C1)N)N,C[N+]1(C=CC(=C1)N)N,True,True,True,1.0,3.957535743713379,
CDK_Depict_2_80,C(=O)(C(F)(F)F)OI(C(F)(F)F)OC(=O)C(F)(F)F,C(=O)(C(F)(F)F)OI(C(F)(F)F)OC(=O)C(F)(F)F,True,True,True,1.0,4.23512864112854,
CDK_Depict_9_55,C[C@]12CC[C@H]3[C@H]([C@@H]1CC[C@]2(C)O)CC[C@@H]4[C@@]3(CC5=CON=C5C4)C,C[C@@]12CC3=CON=C3C[C@@H]2CC[C@@H]4[C@@H]1CC[C@@]5(C)[C@H]4CC[C@]5(C)O,True,True,True,1.0,7.244825839996338,
CDK_Depict_8_1,C1=CN(NN1CCCO)N,C(CN1C=CN(N)N1)CO,True,True,True,1.0,3.725602388381958,
CDK_Depict_29_68,[2H]B(P([3H])C)I(C)O,CI(B([2H])P([2H])I)O,True,False,False,0.5,2.504884719848633,
CDK_Depict_3_59,[2H]C1(CN(CCO1)N=O)O,C1COC([2H])(CN1N=O)O,True,True,True,1.0,2.4121739864349365,
CDK_Depict_6_84,C1C(C1(Cl)Cl)(OC2(C(C2(Cl)Cl)(Cl)Cl)Cl)Cl,C1C(C1(Cl)Cl)(Cl)OC2(C(C2(Cl)Cl)(Cl)Cl)Cl,True,True,True,1.0,3.3919694423675537,
CDK_Depict_10_41,C(=C(I)[Hg]C(=C(I)I)I)(I)I,C(=C(I)[Hg]C(=C(I)I)I)(I)I,True,True,True,1.0,3.7483890056610107,
CDK_Depict_20_38,CC(=O)C1=CC=C(C=C1)N[C@H]2C(C([C@@H](C(O2)CO)O)O)O,CC(=O)C1=CC=C(C=C1)N[C@H]2C(C([C@@H](C(CO)O2)O)O)O,True,True,True,1.0,6.2353432178497314,
CDK_Depict_29_155,C(=N[As](N=C=O)N=C=O)=O,C(=N[As](N=C=O)N=C=O)=O,True,True,True,1.0,2.5414211750030518,
CDK_Depict_44_31,C1NCNC(N1)C2SCSCS2,C1NCNC(C2SCSCS2)N1,True,True,True,1.0,2.229546546936035,
CDK_Depict_30_213,[2H]C([2H])([2H])[O+]([2H])C([2H])([2H])[2H],C([2H])([2H])([2H])[O+]([2H])C([2H])([2H])[2H],True,True,True,1.0,6.305349588394165,
CDK_Depict_6_21,CS(C)(C)OI,C[Si](C)(C)O[Si],True,False,False,0.125,2.2051188945770264,
CDK_Depict_38_49,CCCCC=P1(C(C1CC)C)C,CCCCC=P1(C)C(C)C1CC,True,True,True,1.0,2.6551952362060547,
CDK_Depict_33_29,COC1=NN=C(O1)C2CCN(CC2)C3=CC=C(C=C3)NN,COC1=NN=C(C2CCN(CC2)C3=CC=C(C=C3)NN)O1,True,True,True,1.0,3.8764851093292236,
CDK_Depict_29_257,[B]CC(=O)NI(COC)COC,COCI(COC)NC(=O)C[B],True,True,True,1.0,2.802105188369751,
CDK_Depict_2_38,B(C#C)(C#C)N(C)C,C#CP(C#C)N(C)C,True,False,False,0.3,3.4492149353027344,
CDK_Depict_2_42,CS[C@H]1C(=O)N([C@]12CCCCC2=O)CC3=CC=CC=C3,CS[C@H]1C(=O)N(CC2=CC=CC=C2)[C@@]31CCCCC3=O,True,True,True,1.0,4.261054754257202,
CDK_Depict_39_112,C1CCC(C1)(CC(=O)NC2=CC=CC(=C2)C3=NC=CN3)O,C1CCC(C1)(CC(=O)NC2=CC=CC(=C2)C3=NC=CN3)O,True,True,True,1.0,4.0301618576049805,
CDK_Depict_42_71,C1[C@H]2[C@H]([C@@H]([C@@H]1Cl)[NH2+]C2(C(F)(F)F)C(F)(F)F)Br,C1[C@H]2[C@H]([C@@H]([C@@H]1Cl)NC2(C(F)(F)F)C(F)(F)F)Br,True,False,False,0.40540540540540543,7.286805868148804,
CDK_Depict_3_110,CCN(CC)C(=S)SS(=O)(=O)N(C)C,CCN(CC)C(=S)SS(=O)(=O)N(C)C,True,True,True,1.0,2.9547321796417236,
CDK_Depict_12_98,CNCCC[C@]12C3=CC=CC=C3[C@H]([C@H](O1)C4=CC=CC=C24)O,CNCCC[C@]12C3=C(C=CC=C3)[C@H]([C@@H](C4=C1C=CC=C4)O2)O,True,False,True,1.0,5.3013670444488525,
CDK_Depict_18_18,CCOC(=O)C1=NO[C@H](C1)[C@@H](CO)O,CCOC(=O)C1=NO[C@](C1)([C@@H](CO)O)F,True,False,False,0.46938775510204084,5.432499408721924,
CDK_Depict_19_23,[2H]C1=C(C(=C(C(=C1[2H])[2H])N([2H])[2H])[2H])[2H],C1([2H])=C(C([2H])=C([2H])C(=C1[2H])N([2H])[2H])I([2H])[2H],True,False,False,0.4782608695652174,5.750166654586792,
CDK_Depict_31_19,[2H]I(=O)(B(C)P)N,CB(I(=O)(=O)N)P,False,False,False,0.0,2.1126344203948975,
CDK_Depict_3_71,B(C(=C(B(F)F)B(F)F)B(F)F)(F)F,C(=C(B(F)F)B(F)F)(B(F)F)B(F)F,True,True,True,1.0,3.750814199447632,
CDK_Depict_27_22,C=CC(=C)CSNC1=CN=CC=C1,C=CC(=C)CSNC1=CN=CC=C1,True,True,True,1.0,3.8624556064605713,
CDK_Depict_30_64,C(C#C[Hg]C#CCO)O,C(#C[Hg]C#C[Hg])CO,True,False,False,0.7222222222222222,2.2297792434692383,
CDK_Depict_29_119,C(=[P+](O)[O-])N(C=[P+](O)[O-])C=[P+](O)[O-],C(=P(=O)/O)/N(/C=P(=O)/O)/C=P(=O)/O,True,False,True,1.0,3.5426721572875977,
CDK_Depict_38_94,C1C(=CC(=CC1(NC2=CC=CC=C2)Br)O)O,C1=CC=C(C=C1)NC2(C=C(C=C(C2)O)O)Br,True,True,True,1.0,3.369338035583496,
CDK_Depict_36_142,C[Si](O)OS,C[Si](O)OS,True,True,True,1.0,3.013328790664673,
CDK_Depict_22_77,C1N=C2C(=CO1)C=CC=N2,C1=CC2=COCN=C2N=C1,True,True,True,1.0,3.045445680618286,
CDK_Depict_39_177,C1=CC=C(C=C1)C2=CC(=O)N(S2)NCC3=CC=C(C=C3)OC(F)F,C1=CC=C(C=C1)C2=CC(=O)N(C[Y]([H])([H])CC3=CC=C(C=C3)OC(F)F)S2,True,False,False,0.6111111111111112,6.009845733642578,
CDK_Depict_38_181,C(CCl)N(C(=O)NO[C@H]([C@H](C=O)O)[C@@H]([C@@H](CO)O)O)N=O,C(CN(C(=O)NO[C@H]([C@H](C=O)O)[C@@H]([C@@H](CO)O)O)N=O)Cl,True,True,True,1.0,7.456559181213379,
CDK_Depict_47_91,CCOC(=O)CC1=NC=C(C(=C1Br)C(F)F)CBr,CCOC(=O)CC1=NC=C(CBr)C(=C1Br)C(F)F,True,True,True,1.0,3.3348231315612793,
CDK_Depict_36_156,CC(C)(N=C=O)S(=O)(=O)C,CC(C)(N=C=O)S(=O)(=O)C,True,True,True,1.0,2.5489232540130615,
CDK_Depict_42_10,C(C(CBr)OCC(CCl)(F)F)O,C(C(CO)OCC(CCl)(F)F)Br,True,True,True,1.0,2.527001142501831,
CDK_Depict_47_139,C1C(=C(C(=N)CO1)C#N)N=N,C(#N)C1=C(COCC1=N)N=N,True,True,True,1.0,3.237914562225342,
CDK_Depict_47_54,C/C(=C(/NC)\F)/C(NC)Br,C/C(=C(\F)/[Hg]C)/C(Br)NC,True,False,False,0.5769230769230769,3.755800247192383,
CDK_Depict_15_38,C[C@@H]1CC[C@@H]([C@@H]1C2C(=CC(=O)O2)C(C)C)C(=O)C,CC(C)C1=CC(=O)OC1[C@@H]2[C@H](C)CC[C@@H]2C(=O)C,True,True,True,1.0,4.608522176742554,
CDK_Depict_13_73,CCCCCCCCCC(=O)N1OO1,CCCCCCCCCC(=O)N1COO1,True,False,False,0.5666666666666667,2.903905153274536,
CDK_Depict_45_86,CC(C)(CCC(F)(F)Br)C(=O)[O-],CC(C)(CCC(Br)(F)F)C(=O)[O-],True,True,True,1.0,3.7710747718811035,
CDK_Depict_8_41,[2H]P(=NI([2H])[3H])(I)I,I[P+]([2H])(=NI([2H])[2H])I,False,False,False,0.0,3.9009859561920166,
CDK_Depict_46_19,[B][B]B([B])C(C(C1=CC=CC=C1)O)NB([B])B([B])[B],C1=CC=C(C=C1)C(C(B([B])[B][B])NB([B])B([B])[B])O,True,True,True,1.0,4.697070837020874,
CDK_Depict_21_47,C1(=C(SC(=N1)F)Br)Cl,C1(=C(Cl)SC(=N1)F)Br,True,False,False,0.52,2.320512056350708,
CDK_Depict_5_3,C[C@@H](CC1=CC=CC=C1)NC,C[C@@H](CC1=CC=CC=C1)NC,True,True,True,1.0,3.3396902084350586,
CDK_Depict_28_140,C1C[C@@H](O[C@@H]1CO)N2C=CC(=NC2=O)N,C1C[C@H](N2C=CC(=NC2=O)N)O[C@@H]1CO,True,True,True,1.0,4.73321533203125,
CDK_Depict_13_96,CC(C)N(C(C)C)P(/C=N/CN(C)C)C#N,CC(C)N(C(C)C)P(C#N)/C=N/CN(C)C,True,True,True,1.0,3.117121458053589,
CDK_Depict_21_22,C[C@]12CC[C@H](C1=CC(=O)CC2)O,C[C@]12CCC(=O)C=C2[C@@H](CC1)O,True,True,True,1.0,3.129152536392212,
CDK_Depict_35_77,C[SiH](C)C1(CCCCO1)OC(=O)OC2(CCCCO2)[SiH](C)C,C[SiH](C)C1(CCCCO1)OC(=O)OC2(CCCCO2)[SiH](C)C,True,True,True,1.0,6.275010824203491,
CDK_Depict_33_103,CCCC#[Mo],CCCC#[Nb],True,False,False,0.4117647058823529,1.6947729587554932,
CDK_Depict_29_346,O([P+](OBr)(OBr)Br)Br,BrO[P+](Br)(OBr)OBr,True,True,True,1.0,2.093430757522583,
CDK_Depict_39_44,COC(=C=C)C#C,C#CC(=C=C)OC,True,True,True,1.0,1.9289681911468506,
CDK_Depict_31_23,NP(=O)(N)NNP(=O)(N)N,NP(=O)(N)NNP(=O)(N)N,True,True,True,1.0,2.41475510597229,
CDK_Depict_45_26,CCO/C(=C(\C(=C)OSC1CCC2CC2C1)/I)/I,CCO/C(=C(\C(=C)OSC1CCC2CC2C1)/I)/I,True,True,True,1.0,4.688291072845459,
CDK_Depict_18_7,CC1=CC(CN(O1)O)(C)C,CC1=CC(C)(C)CN(O)O1,True,True,True,1.0,3.093549966812134,
CDK_Depict_31_44,BrI(Br)(Br)(Br)Br,BrI(Br)(Br)(Br)Br,True,True,True,1.0,1.887648105621338,
CDK_Depict_18_16,CC1=CC=C([Te]1)N,CC1=CC=C(C)[Te]1,True,False,False,0.5882352941176471,2.0393221378326416,
CDK_Depict_39_43,C1=CC(C(C=C1)(O)F)C(=N)Cl,C1=CC(C(=N)Cl)C(C=C1)(F)O,True,True,True,1.0,2.6560797691345215,
CDK_Depict_2_54,B(C(C(F)(F)Br)(F)Br)(C(F)(F)F)C(F)(F)F,C(C(F)(F)F)(B(C(F)(F)F)C(F)(F)F)(Br)F,True,False,False,0.6470588235294118,4.899033308029175,
CDK_Depict_40_68,CC(COC)OC(=O)CCCSC1CCC(C(C1)[N+]#[C-])[N+]#[C-],CC(COC)OC(=O)CCCSC1CCC(C(C1)[N+]#[C-])[N+]#[C-].CC,True,False,False,0.9782608695652174,5.733908414840698,
CDK_Depict_29_393,CSC(NN)(NN)NI,CSC(NI)(NN)NN,True,True,True,1.0,1.988065242767334,
CDK_Depict_41_94,B1=C(CCC(=O)N1CC2=CC=CC=C2)C3=CC=CC=C3,C1=CC=C(C=C1)CN2C(=O)CCC(=B2)C3=CC=CC=C3,True,True,True,1.0,4.068926572799683,
