compound_id,raw_smiles,reason
CHEMBL263074,Cl.N[C@@H](CNC(=O)Nc1ccc([N+](=O)[O-])cc1)C(=O)O,multi_fragment
CHEMBL6267,COC(=O)[C@@H](N)COC(=O)Nc1ccc([N+](=O)[O-])cc1.Cl,multi_fragment
CHEMBL6285,COC(=O)[C@@H](N)CCC(=O)Nc1ccc([N+](=O)[O-])cc1.Cl,multi_fragment
CHEMBL6300,COC(=O)[C@@H](N)CNC(=O)Nc1ccc([N+](=O)[O-])cc1.Cl,multi_fragment
CHEMBL108063,CCN1/C(=C/C=c2\s/c(=C\c3sc4ccccc4[n+]3CC)n(-c3ccccc3)c2=O)Sc2ccccc21.[I-],multi_fragment
CHEMBL108095,Cn1sc(Cl)cc1=O.Cn1sccc1=O,multi_fragment
CHEMBL323268,O=C([O-])CCCCc1ccc(CCCc2ccccc2)cc1.[Na+],multi_fragment
CHEMBL322227,CCN1C(=O)CS/C1=C\c1sc2ccccc2[n+]1CC.[Br-],multi_fragment
CHEMBL321480,CCN1/C(=C/C=c2\s/c(=C\c3sc4ccccc4[n+]3CC)sc2=O)Oc2ccccc21.[I-],multi_fragment
CHEMBL110194,CCn1c(=O)/c(=C2\Sc3ccccc3N2C)n(CC)/c1=C\c1sc2ccccc2[n+]1CC.[I-],multi_fragment
CHEMBL321412,CN1CCc2cccc3c2[C@H]1Cc1ccc(O)c(O)c1-3.COc1cc(N)c(Cl)cc1C(=O)NCCN(C)C,multi_fragment
CHEMBL321901,CC[N+](C)(CC)CCNC(=O)c1cc(Cl)c(N)cc1OC.CN1CCc2cccc3c2[C@H]1Cc1ccc(O)c(O)c1-3.[I-],multi_fragment
CHEMBL323230,CC[N+](C)(C)CCNC(=O)c1cc(Cl)c(N)cc1OC.CN1CCc2cccc3c2[C@H]1Cc1ccc(O)c(O)c1-3.[I-],multi_fragment
CHEMBL378673,CN(C)C(=O)[C@@H](c1ccc(-c2ccc3nccn3c2)cc1)[C@H](N)C(=O)N1CC[C@H](F)C1.O=C(O)C(F)(F)F,multi_fragment
CHEMBL210829,CN(C)C(=O)[C@@H](c1ccc(-c2ccn3ncnc3c2)cc1)[C@H](N)C(=O)N1CCC(F)(F)C1.O=C(O)C(F)(F)F,multi_fragment
CHEMBL268450,CCOCCOCCNC(=O)Nc1ccc(C[C@H](NC(=O)[C@H](CO)NC(=O)[C@@H](Cc2cccnc2)NC(=O)[C@@H](Cc2ccc(Cl)cc2)NC(=O)[C@@H](Cc2ccc3ccccc3c2)NC(=O)NCCOCCOCC)C(=O)N[C@H](Cc2ccc(NC(=O)NCCOCCOCC)cc2)C(=O)N[C@@H](CC(C)C)C(=O)N[C@@H](CCCCNC(C)C)C(=O)N2CCC[C@H]2C(=O)N[C@H](C)C(N)=O)cc1,sequence_too_long
CHEMBL264779,CONC(=O)Nc1ccc(C[C@H](NC(=O)[C@H](CO)NC(=O)[C@@H](CCC(N)=O)NC(=O)[C@@H](Cc2ccc(Cl)cc2)NC(=O)[C@@H](Cc2ccc3ccccc3c2)NC(C)=O)C(=O)N[C@H](Cc2ccc(NC(=O)NOC)cc2)C(=O)N[C@@H](CC(C)C)C(=O)N[C@@H](CCCCNC(C)C)C(=O)N2CCC[C@H]2C(=O)N[C@H](C)C(N)=O)cc1,sequence_too_long
CHEMBL429016,CCCCCCCC(=O)N[C@H](Cc1ccc2ccccc2c1)C(=O)N[C@H](Cc1ccc(Cl)cc1)C(=O)N[C@H](Cc1cccnc1)C(=O)N[C@@H](CO)C(=O)N[C@@H](Cc1ccc(NC(=O)NOC)cc1)C(=O)N[C@H](Cc1ccc(NC(=O)NOC)cc1)C(=O)N[C@@H](CC(C)C)C(=O)N[C@@H](CCCCNC(C)C)C(=O)N1CCC[C@H]1C(=O)N[C@H](C)C(N)=O,sequence_too_long
CHEMBL208957,CN(C)C(=O)[C@@H](c1ccc(-c2ccn3nccc3n2)cc1)[C@H](N)C(=O)N1CCC(F)(F)C1.O=C(O)C(F)(F)F,multi_fragment
CHEMBL427976,CC(=O)N[C@H](Cc1ccc2ccccc2c1)C(=O)N[C@H](Cc1ccc(Cl)cc1)C(=O)N[C@H](Cc1cccnc1)C(=O)N[C@@H](CO)C(=O)N[C@@H](Cc1ccc(NC(=O)[C@@H]2CC(=O)NC(=O)N2)cc1)C(=O)N[C@H](Cc1ccc(NC(=O)NO)cc1)C(=O)N[C@@H](CC(C)C)C(=O)N[C@@H](CCCCNC(C)C)C(=O)N1CCC[C@H]1C(=O)N[C@H](C)C(N)=O,sequence_too_long
CHEMBL435141,CONC(=O)Nc1ccc(C[C@@H](NC(=O)[C@H](Cc2ccc(NC(=O)[C@@H]3CC(=O)NC(=O)N3)cc2)NC(=O)[C@H](CO)NC(=O)[C@@H](Cc2cccnc2)NC(=O)[C@@H](Cc2ccc(Cl)cc2)NC(=O)[C@@H](Cc2ccc3ccccc3c2)NC(C)=O)C(=O)N[C@@H](CC(C)C)C(=O)N[C@@H](CCCCNC(C)C)C(=O)N2CCC[C@H]2C(=O)N[C@H](C)C(N)=O)cc1,sequence_too_long
CHEMBL210974,CN(C)C(=O)[C@@H](c1ccc(-c2ccc3ncnn3c2)cc1)[C@H](N)C(=O)N1CC(F)C1.O=C(O)C(F)(F)F,multi_fragment
CHEMBL526676,N/C(=N/C(=O)c1ccc(Cn2cc(CN(Cc3cn(Cc4ccc(C(=O)/N=C(/N)NCCC[C@@H](NC(=O)C(c5ccccc5)c5ccccc5)C(=O)NCc5ccc(O)cc5)cc4)nn3)Cc3cn(Cc4ccc(C(=O)/N=C(/N)NCCC[C@@H](NC(=O)C(c5ccccc5)c5ccccc5)C(=O)NCc5ccc(O)cc5)cc4)nn3)nn2)cc1)NCCC[C@@H](NC(=O)C(c1ccccc1)c1ccccc1)C(=O)NCc1ccc(O)cc1.O=C(O)C(F)(F)F.O=C(O)C(F)(F)F.O=C(O)C(F)(F)F.O=C(O)C(F)(F)F,multi_fragment
CHEMBL501317,N/C(=N/C(=O)CCCn1cc(-c2ccc(-c3cn(CCCC(=O)/N=C(\N)NCCC[C@@H](NC(=O)C(c4ccccc4)c4ccccc4)C(=O)NCc4ccc(O)cc4)nn3)cc2)nn1)NCCC[C@@H](NC(=O)C(c1ccccc1)c1ccccc1)C(=O)NCc1ccc(O)cc1.O=C(O)C(F)(F)F.O=C(O)C(F)(F)F,multi_fragment
CHEMBL510439,N/C(=N/C(=O)CCCn1cc(COCCOCCOCCOCCOCc2cn(CCCC(=O)/N=C(\N)NCCC[C@@H](NC(=O)C(c3ccccc3)c3ccccc3)C(=O)NCc3ccc(O)cc3)nn2)nn1)NCCC[C@@H](NC(=O)C(c1ccccc1)c1ccccc1)C(=O)NCc1ccc(O)cc1.O=C(O)C(F)(F)F.O=C(O)C(F)(F)F,multi_fragment
CHEMBL450031,N/C(=N/C(=O)COCCOCCOCC(=O)/N=C(\N)NCCC[C@@H](NC(=O)C(c1ccccc1)c1ccccc1)C(=O)NCc1ccc(O)cc1)NCCC[C@@H](NC(=O)C(c1ccccc1)c1ccccc1)C(=O)NCc1ccc(O)cc1.O=C(O)C(F)(F)F.O=C(O)C(F)(F)F,multi_fragment
CHEMBL451670,N/C(=N/C(=O)CCCn1cc(-c2ccccc2)nn1)NCCC[C@@H](NC(=O)C(c1ccccc1)c1ccccc1)C(=O)NCc1ccc(O)cc1.O=C(O)C(F)(F)F,multi_fragment
CHEMBL456818,C[C@]12CCC(=O)C(N)=C1C=C[C@@H]1[C@@H]2CC[C@]2(C)C(=O)CC[C@@H]12.Cl,multi_fragment
CHEMBL1207357,C/C=C1\NC(=O)[C@@H](NC(=O)[C@H](CCc2ccc(O)cc2)NC(=O)[C@H](C)NC(=O)[C@H](O)COS(=O)(=O)O)[C@@H](C)OC(=O)[C@H](C(C)C)NC(=O)[C@H](Cc2ccc(O)cc2)N(C)C(=O)[C@H](Cc2ccccc2)N2C(=O)[C@H](CC[C@H]2OC)NC1=O,sequence_too_long
CHEMBL1207403,C=C(C)CCC[C@]1(C)OC(=O)C23CC[C@H]4C(=CC[C@H]5C(C)(C)C(O[C@@H]6OC[C@@H](OS(=O)(=O)O)[C@H](O)[C@H]6O[C@@H]6O[C@H](CO)[C@@H](O[C@@H]7O[C@H](COS(=O)(=O)O)[C@@H](O)[C@H](O[C@@H]8O[C@H](CO)[C@@H](O)[C@H](OC)[C@H]8O)[C@H]7O)[C@H](O)[C@H]6O[C@@H]6OC[C@@H](O)[C@H](O)[C@H]6O)CC[C@]45C)[C@]2(C)C[C@H](OC(C)=O)C31,sequence_too_long
CHEMBL1207428,CC(=O)O[C@H]1C(=O)[C@@]2(C)[C@H]([C@H](OC(=O)c3ccccc3)[C@]3(O)C[C@H](OC(=O)[C@H](OC(=O)CCc4ccc(NC(=O)O[C@@H]5O[C@H](C(=O)O)[C@@H](O)[C@H](O)[C@H]5O)cc4)[C@@H](NC(=O)c4ccccc4)c4ccccc4)C(C)=C1C3(C)C)[C@]1(OC(C)=O)CO[C@@H]1C[C@@H]2O,sequence_too_long
CHEMBL1207429,O=C(O)CSCC1O[C@@H]2O[C@@H]3C(CO)O[C@H](O[C@@H]4C(CO)O[C@H](O[C@@H]5C(CO)O[C@H](O[C@@H]6C(CO)O[C@H](O[C@@H]7C(CO)O[C@H](O[C@@H]8C(CO)O[C@H](O[C@@H]9C(CO)O[C@H](O[C@H]1C(O)C2O)C(O)C9O)C(O)C8O)C(O)C7O)C(O)C6O)C(O)C5O)C(O)C4O)C(O)C3O,sequence_too_long
CHEMBL1207431,CCOC(=O)O[C@@H](C(=O)O[C@H]1C[C@@]2(O)[C@@H](OC(=O)c3ccccc3)[C@@H]3[C@]4(OC(C)=O)CO[C@@H]4C[C@H](OC(=O)CC(C)(C)c4c(C)cc(C)cc4OP(=O)(O)O)[C@@]3(C)C(=O)[C@H](OC(C)=O)C(=C1C)C2(C)C)[C@@H](NC(=O)c1ccccc1)c1ccccc1,sequence_too_long
CHEMBL1207433,CCOC(=O)O[C@@H](C(=O)O[C@H]1C[C@@]2(O)[C@@H](OC(=O)c3ccccc3)[C@@H]3[C@]4(OC(C)=O)CO[C@@H]4C[C@H](OC(=O)c4ccccc4COP(=O)(O)O)[C@@]3(C)C(=O)[C@H](OC(C)=O)C(=C1C)C2(C)C)[C@@H](NC(=O)c1ccccc1)c1ccccc1,sequence_too_long
CHEMBL1207434,CC(C)c1ccc(C(=O)Nc2ccc(S(=O)(=O)O)c3cc(S(=O)(=O)O)cc(S(=O)(=O)O)c23)cc1NC(=O)c1cccc(NC(=O)Nc2cccc(C(=O)Nc3cc(C(=O)Nc4ccc(S(=O)(=O)O)c5cc(S(=O)(=O)O)cc(S(=O)(=O)O)c45)ccc3C(C)C)c2)c1,sequence_too_long
CHEMBL1207435,O=C(O)CSCC1O[C@@H]2O[C@@H]3C(CSCC(=O)O)O[C@H](O[C@@H]4C(CSCC(=O)O)O[C@H](O[C@@H]5C(CSCC(=O)O)O[C@H](O[C@@H]6C(CSCC(=O)O)O[C@H](O[C@@H]7C(CSCC(=O)O)O[C@H](O[C@@H]8C(CSCC(=O)O)O[C@H](O[C@@H]9C(CSCC(=O)O)O[C@H](O[C@H]1C(O)C2O)C(O)C9O)C(O)C8O)C(O)C7O)C(O)C6O)C(O)C5O)C(O)C4O)C(O)C3O,sequence_too_long
CHEMBL1207436,OCC1OC(SCCSCC2OC3OC4C(CSCCSC5OC(CO)C(O)C(O)C5O)OC(OC5C(CSCCSC6OC(CO)C(O)C(O)C6O)OC(OC6C(CSCCSC7OC(CO)C(O)C(O)C7O)OC(OC7C(CSCCSC8OC(CO)C(O)C(O)C8O)OC(OC8C(CSCCSC9OC(CO)C(O)C(O)C9O)OC(OC9C(CSCCSC%10OC(CO)C(O)C(O)C%10O)OC(OC2C(O)C3O)C(O)C9O)C(O)C8O)C(O)C7O)C(O)C6O)C(O)C5O)C(O)C4O)C(O)C(O)C1O,sequence_too_long
CHEMBL1207437,CSCC[C@H](NC(=O)[C@H](Cc1ccc(OS(=O)(=O)O)cc1)NC(C)=O)C(=O)NCC(=O)N[C@@H](Cc1c[nH]c2ccccc12)C(=O)N[C@@H](CCSC)C(=O)N[C@@H](COS(=O)(=O)O)C(=O)N[C@@H](Cc1ccccc1)C(N)=O,sequence_too_long
CHEMBL1207443,CC(=O)O[C@H]1C(=O)[C@]2(C)[C@@H](OC(=O)CC(C)(C)c3c(C)cc(C)cc3OP(=O)(O)O)C[C@H]3OC[C@@]3(OC(C)=O)[C@H]2[C@H](OC(=O)c2ccccc2)[C@]2(O)C[C@H](OC(=O)[C@H](O)[C@@H](NC(=O)c3ccccc3)c3ccccc3)C(C)=C1C2(C)C,sequence_too_long
CHEMBL1207445,O=C(O)c1ccc(SCC2O[C@@H]3O[C@@H]4C(CO)O[C@H](O[C@@H]5C(CO)O[C@H](O[C@@H]6C(CO)O[C@H](O[C@@H]7C(CO)O[C@H](O[C@@H]8C(CO)O[C@H](O[C@@H]9C(CO)O[C@H](O[C@@H]%10C(CO)O[C@H](O[C@H]2C(O)C3O)C(O)C%10O)C(O)C9O)C(O)C8O)C(O)C7O)C(O)C6O)C(O)C5O)C(O)C4O)cc1,sequence_too_long
CHEMBL1207449,CCCCCC(=O)OC/C(=C\C(=O)O)OC1OC(COS(=O)(=O)O)C(OC2OC(C(=O)O)C(OC3OC(COS(=O)(=O)O)C(OC4OC(C(=O)O)C(OC5OC(CS(=O)(=O)O)C(O)C(OC(=O)CCCCC)C5NS(=O)(=O)O)C(OC(=O)CCCCC)C4OS(=O)(=O)O)C(OC(=O)CCCCC)C3NS(=O)(=O)O)C(OC(=O)CCCCC)C2OS(=O)(=O)O)C(OC(=O)CCCCC)C1NS(=O)(=O)O,sequence_too_long
CHEMBL1207451,O=C(O)[C@H](Cc1ccc(OS(=O)(=O)O)cc1)NC(=O)[C@H](Cc1ccc(OS(=O)(=O)O)cc1)NC(=O)[C@H](Cc1ccc(OS(=O)(=O)O)cc1)NC(=O)[C@H](Cc1ccc(OS(=O)(=O)O)cc1)NC(=O)[C@H](Cc1ccc(OS(=O)(=O)O)cc1)NC(=O)[C@H](Cc1ccc(OS(=O)(=O)O)cc1)NS(=O)(=O)O,sequence_too_long
CHEMBL1207452,O=C(O)[C@H](Cc1ccc(OS(=O)(=O)O)cc1)NC(=O)[C@H](Cc1ccc(OS(=O)(=O)O)cc1)NC(=O)[C@H](Cc1ccc(OS(=O)(=O)O)cc1)NC(=O)[C@H](Cc1ccc(OS(=O)(=O)O)cc1)NC(=O)[C@H](Cc1ccc(OS(=O)(=O)O)cc1)NC(=O)[C@H](Cc1ccc(OS(=O)(=O)O)cc1)NC(=O)[C@H](Cc1ccc(OS(=O)(=O)O)cc1)NC(=O)[C@H](Cc1ccc(OS(=O)(=O)O)cc1)NC(=O)[C@H](Cc1ccc(OS(=O)(=O)O)cc1)NS(=O)(=O)O,sequence_too_long
CHEMBL1207454,O=S(=O)(O)OC[C@H]1O[C@H](O[C@@H]2[C@H](OS(=O)(=O)O)[C@@H](O[C@@H]3C(OS(=O)(=O)O)O[C@H](COS(=O)(=O)O)[C@@H](OS(=O)(=O)O)[C@@H]3OS(=O)(=O)O)O[C@H](COS(=O)(=O)O)[C@H]2OS(=O)(=O)O)[C@@H](OS(=O)(=O)O)[C@@H](O[C@H]2O[C@H](COS(=O)(=O)O)[C@@H](OS(=O)(=O)O)[C@H](OS(=O)(=O)O)[C@@H]2OS(=O)(=O)O)[C@@H]1OS(=O)(=O)O,sequence_too_long
CHEMBL1207455,CN(CCC(=O)O)C12C3=c4c5c6c7c8c9c%10c%11c%12c%13c%14c%15c%16c%17c%18c%19c%20c(c4c4c5c8c(c%139)c(c%14%18)c%194)C4(NCCC(=O)O)C5=c8c9c(c-%16c%13c%14c%16c(c-%11c%11c%18c(c%19c1c(c8c(c9%14)c%19c%18%16)C34)=C(C62)C7(NCCC(=O)O)C%11%10)C%13C%12%15NCCC(=O)O)C%17C5%20NCCC(=O)O,sequence_too_long
CHEMBL1207458,CSCC[C@H](NC(=O)[C@H](Cc1ccc(OS(=O)(=O)O)cc1)NC(C)=O)C(=O)NCC(=O)N[C@@H](Cc1c[nH]c2ccccc12)C(=O)N[C@H](CCSC)C(=O)N[C@@H](CC(=O)O)C(=O)N[C@@H](Cc1ccccc1)C(N)=O,sequence_too_long
CHEMBL1207462,CCc1ccc(C(=O)Nc2ccc(S(=O)(=O)O)c3cc(S(=O)(=O)O)cc(S(=O)(=O)O)c23)cc1NC(=O)Nc1cc(C(=O)Nc2ccc(S(=O)(=O)O)c3cc(S(=O)(=O)O)cc(S(=O)(=O)O)c23)ccc1CC,sequence_too_long
CHEMBL1207464,O=C(O)CCCSCC1O[C@@H]2O[C@@H]3C(CO)O[C@H](O[C@@H]4C(CO)O[C@H](O[C@@H]5C(CO)O[C@H](O[C@@H]6C(CO)O[C@H](O[C@@H]7C(CO)O[C@H](O[C@@H]8C(CO)O[C@H](O[C@@H]9C(CO)O[C@H](O[C@H]1C(O)C2O)C(O)C9O)C(O)C8O)C(O)C7O)C(O)C6O)C(O)C5O)C(O)C4O)C(O)C3O,sequence_too_long
CHEMBL1207465,O=C(O)CCSCC1O[C@@H]2O[C@@H]3C(CSCCC(=O)O)O[C@H](O[C@@H]4C(CSCCC(=O)O)O[C@H](O[C@@H]5C(CSCCC(=O)O)O[C@H](O[C@@H]6C(CSCCC(=O)O)O[C@H](O[C@@H]7C(CSCCC(=O)O)O[C@H](O[C@H]1C(O)C2O)C(O)C7O)C(O)C6O)C(O)C5O)C(O)C4O)C(O)C3O,sequence_too_long
CHEMBL1207467,COC1C(NC(C)=O)C(OC2C(C(=O)O)OC(OC3C(NC(C)=O)C(OC4C(C(=O)O)OC(C)C(OC(=O)CCC(=O)O)C4O)OC(COC(=O)CCC(=O)O)C3OS(=O)(=O)O)C(OC(=O)CCC(=O)O)C2OC(=O)CCC(=O)O)OC(COC(=O)CCC(=O)O)C1OS(=O)(=O)O,sequence_too_long
CHEMBL1207468,CC(=O)NC1C(OC2C(C(=O)O)OC(OC3C(COS(=O)(=O)O)OC(OC4C(C(=O)O)OC(OC5C(COS(=O)(=O)O)OC(O/C(=C/C(=O)O)CO)C(NC(C)=O)C5O)C(OS(=O)(=O)O)C4O)C(NC(C)=O)C3O)C(OS(=O)(=O)O)C2O)OC(COS(=O)(=O)O)C(O)C1O,sequence_too_long
CHEMBL1207473,COCc1ccc(C(=O)Nc2ccc(S(=O)(=O)O)c3cc(S(=O)(=O)O)cc(S(=O)(=O)O)c23)cc1NC(=O)c1cccc(NC(=O)Nc2cccc(C(=O)Nc3cc(C(=O)Nc4ccc(S(=O)(=O)O)c5cc(S(=O)(=O)O)cc(S(=O)(=O)O)c45)ccc3COC)c2)c1,sequence_too_long
CHEMBL1207475,O=C(O)CSCC1O[C@@H]2O[C@@H]3C(CSCC(=O)O)O[C@H](O[C@@H]4C(CSCC(=O)O)O[C@H](O[C@@H]5C(CSCC(=O)O)O[C@@H](O[C@@H]6C(CSCC(=O)O)O[C@H](O[C@@H]7C(CSCC(=O)O)O[C@H](O[C@@H]8C(CSCC(=O)O)O[C@H](O[C@H]1C(O)C2O)C(O)C8O)C(O)C7O)C(O)C6O)C(O)C5O)C(O)C4O)C(O)C3O,sequence_too_long
CHEMBL1207476,O=C(O)CCc1ccc(SCC2O[C@@H]3O[C@@H]4C(CO)O[C@H](O[C@@H]5C(CO)O[C@H](O[C@@H]6C(CO)O[C@H](O[C@@H]7C(CO)O[C@H](O[C@@H]8C(CO)O[C@H](O[C@@H]9C(CO)O[C@H](O[C@@H]%10C(CO)O[C@H](O[C@H]2C(O)C3O)C(O)C%10O)C(O)C9O)C(O)C8O)C(O)C7O)C(O)C6O)C(O)C5O)C(O)C4O)cc1,sequence_too_long
CHEMBL1207478,CO[C@H]1O[C@@H]2CO[C@@H]([C@H]1O)[C@H]2O[C@@H]1O[C@H](CO)[C@H](OS(=O)(=O)O)[C@H](O[C@H]2O[C@@H]3CO[C@@H]([C@H]2O)[C@H]3O[C@@H]2O[C@H](COC(=O)CCC(=O)OC[C@H]3O[C@@H](n4cc(C)c(=O)[nH]c4=O)C[C@@H]3N=[N+]=[N-])[C@H](OS(=O)(=O)O)[C@H](O[C@H]3O[C@@H]4CO[C@@H]([C@H]3O)[C@H]4O[C@@H]3O[C@H](CO)[C@H](OS(=O)(=O)O)[C@@H](O[C@H]4O[C@@H]5CO[C@@H]([C@H]4O)[C@H]5O[C@@H]4O[C@H](CO)[C@H](OS(=O)(=O)O)[C@H](O[C@H]5O[C@@H]6CO[C@@H]([C@H]5O)[C@H]6O[C@@H]5O[C@H](COC(=O)CCC(=O)OC[C@H]6O[C@@H](n7cc(C)c(=O)[nH]c7=O)C[C@@H]6N=[N+]=[N-])[C@H](OS(=O)(=O)O)[C@H](O[C@H]6O[C@@H]7CO[C@@H]([C@H]6O)[C@H]7O[C@@H]6O[C@H](CO)[C@H](OS(=O)(=O)O)[C@@H](O[C@H]7O[C@@H]8CO[C@@H]([C@H]7O)[C@H]8O[C@@H]7O[C@H](CO)[C@H](OS(=O)(=O)O)[C@H](O[C@H]8O[C@@H]9CO[C@@H]([C@H]8O)[C@H]9O[C@@H]8O[C@H](COC(=O)CCC(=O)OC[C@H]9O[C@@H](n%10cc(C)c(=O)[nH]c%10=O)C[C@@H]9N=[N+]=[N-])[C@H](OS(=O)(=O)O)[C@H](O[C@H]9O[C@@H]%10CO[C@@H]([C@H]9O)[C@H]%10O[C@@H]9O[C@H](CO)[C@H](OS(=O)(=O)O)[C@H](C)[C@H]9O)[C@H]8O)[C@H]7O)[C@H]6O)[C@H]5O)[C@H]4O)[C@H]3O)[C@H]2O)[C@H]1O,sequence_too_long
CHEMBL1207479,O=S(=O)(O)CCCSCC1O[C@@H]2O[C@@H]3C(CSCCCS(=O)(=O)O)O[C@H](O[C@@H]4C(CSCCCS(=O)(=O)O)O[C@H](O[C@@H]5C(CSCCCS(=O)(=O)O)O[C@H](O[C@@H]6C(CSCCCS(=O)(=O)O)O[C@H](O[C@@H]7C(CSCCCS(=O)(=O)O)O[C@H](O[C@@H]8C(CSCCCS(=O)(=O)O)O[C@H](O[C@@H]9C(CSCCCS(=O)(=O)O)O[C@H](O[C@H]1C(O)C2O)C(O)C9O)C(O)C8O)C(O)C7O)C(O)C6O)C(O)C5O)C(O)C4O)C(O)C3O,sequence_too_long
CHEMBL1207483,CN(CCC(=O)O)C12C3=C4c5c6c7c8c9c%10c%11c%12c%13c%14c%15c%16c%17c%18c(c5c8c(c%15%18)c%139)C4(NCCC(=O)O)C4C=%17C5(NCCC(=O)O)C(=C8c9c1c1c%13c%15c%17c%18c%19c%20c%21c(c8c%19c9%15)C5C=%16C%21(NCCC(=O)O)C%14C%12(NCCC(=O)O)C%20C%18(NCCC(=O)O)C%11C5(NCCC(=O)O)C%17C%13=C(C6(NCCC(=O)O)C31)C7(NCCC(=O)O)C%105)C42,sequence_too_long
CHEMBL1207484,CO[C@@H]1[C@@H](O[C@H]2CC[C@H](OC)[C@@H](C)O2)[C@H](C)[C@@](O)(CC(=O)O)O[C@H]1[C@H](C)[C@H]1O[C@@]2(CC[C@@](C)([C@H]3CC[C@@](C)([C@@H]4O[C@@H]([C@H]5O[C@](C)(O)[C@H](C)C[C@@H]5C)C[C@@H]4O[C@H]4CC[C@H](OC)[C@@H](C)O4)O3)O2)C[C@H](O)[C@H]1C,sequence_too_long
CHEMBL1207486,O=C(O)CCNC12c3c4c5c6c7c8c(c9c%10c1c1c3c3c%11c4c4c5c5c7c7c%12c8c8c9c9c%10c%10c1c1c3c3c%11c%11c4c4c5c7c5c7c%12c8c8c9c9c%10c1c1c3c3c%11c4c5c4c7c8c9c1c34)C62,sequence_too_long
CHEMBL1207489,C=C(C)CCC[C@]1(C)OC(=O)C23CC[C@H]4C(=CC[C@H]5C(C)(C)C(O[C@@H]6OC[C@@H](OS(=O)(=O)O)[C@H](O)[C@H]6O[C@@H]6O[C@H](CO)[C@@H](O[C@@H]7O[C@H](CO)[C@@H](O)[C@H](O[C@@H]8O[C@H](CO)[C@@H](O)[C@H](OC)[C@H]8O)[C@H]7O)[C@H](O)[C@H]6O[C@@H]6OC[C@@H](O)[C@H](O)[C@H]6O)CC[C@]45C)[C@]2(C)C[C@H](OC(C)=O)C31,sequence_too_long
CHEMBL1207491,CCN1CCN(C(=O)NC(C(=O)N[C@@H]2C(=O)N3[C@@H]2SC(C)(C)[C@@H]3C(=O)O)c2ccccc2)C(=O)C1=O.C[C@]1(COC(=O)Cc2ccc(O)c(O)c2)[C@H](C(=O)O)N2C(=O)/C(=C/c3ccccn3)C2S1(=O)=O,multi_fragment
CHEMBL1207493,O=S(=O)(O)CSCC1O[C@@H]2O[C@@H]3C(CSCS(=O)(=O)O)O[C@H](O[C@@H]4C(CSCS(=O)(=O)O)O[C@H](O[C@@H]5C(CSCS(=O)(=O)O)O[C@H](O[C@@H]6C(CSCS(=O)(=O)O)O[C@H](O[C@@H]7C(CSCS(=O)(=O)O)O[C@H](O[C@@H]8C(CSCS(=O)(=O)O)O[C@H](O[C@@H]9C(CSCS(=O)(=O)O)O[C@H](O[C@H]1C(O)C2O)C(O)C9O)C(O)C8O)C(O)C7O)C(O)C6O)C(O)C5O)C(O)C4O)C(O)C3O,sequence_too_long
CHEMBL1207496,CCC(C)CC(C)CCCCCCCCC(=O)N[C@H]1C[C@@H](O)[C@@H](O)NC(=O)[C@@H]2[C@@H](O)CCN2C(=O)[C@H]([C@@H](O)CC(N)=O)NC(=O)[C@H]([C@H](O)[C@@H](O)c2ccc(O[PH](=O)O)cc2)NC(=O)[C@@H]2C[C@@H](O)CN2C(=O)[C@H]([C@H](C)O)NC1=O,sequence_too_long
CHEMBL1207498,CO/C(C)=C1/NC(=O)C([C@@H](C)O)NC(=O)c2csc(n2)-c2cc(O)c(-c3nc(C(=O)NC(SCCS(=O)(=O)O)C(N)=O)cs3)nc2-c2csc(n2)[C@@H]2COC(=O)c3c4c5c(cccc5n3O)COC(=O)[C@@H](O[C@H]3C[C@](C)(O)[C@H](N(C)C)[C@H](C)O3)[C@@H](OC4)[C@H](NC(=O)c3csc1n3)c1nc(cs1)C(=O)N2,sequence_too_long
CHEMBL1207500,O=S(=O)(O)OCC1O[C@@H]2O[C@@H]3C(COS(=O)(=O)O)O[C@H](O[C@@H]4C(COS(=O)(=O)O)O[C@@H](O[C@@H]5C(COS(=O)(=O)O)O[C@H](O[C@@H]6C(COS(=O)(=O)O)O[C@H](O[C@@H]7C(COS(=O)(=O)O)O[C@H](O[C@@H]8C(COS(=O)(=O)O)O[C@H](O[C@H]1C(O)C2OS(=O)(=O)O)C(OS(=O)(=O)O)C8O)C(OS(=O)(=O)O)C7O)C(OS(=O)(=O)O)C6O)C(OS(=O)(=O)O)C5O)C(OS(=O)(=O)O)C4O)C(OS(=O)(=O)O)C3O,sequence_too_long
CHEMBL1207502,Cc1ccc(C(=O)Nc2ccc(S(=O)(=O)O)c3cc(S(=O)(=O)O)cc(S(=O)(=O)O)c23)cc1NC(=O)Nc1cc(C(=O)Nc2ccc(S(=O)(=O)O)c3cc(S(=O)(=O)O)cc(S(=O)(=O)O)c23)ccc1C,sequence_too_long
CHEMBL1207503,O=C(O)CCSCC1O[C@@H]2O[C@@H]3C(CO)O[C@H](O[C@@H]4C(CO)O[C@H](O[C@@H]5C(CO)O[C@H](O[C@@H]6C(CO)O[C@H](O[C@@H]7C(CO)O[C@H](O[C@@H]8C(CO)O[C@H](O[C@@H]9C(CO)O[C@H](O[C@H]1C(O)C2O)C(O)C9O)C(O)C8O)C(O)C7O)C(O)C6O)C(O)C5O)C(O)C4O)C(O)C3O,sequence_too_long
CHEMBL1207505,COc1ccc(C(=O)Nc2ccc(S(=O)(=O)O)c3cc(S(=O)(=O)O)cc(S(=O)(=O)O)c23)cc1NC(=O)Nc1cc(C(=O)Nc2ccc(S(=O)(=O)O)c3cc(S(=O)(=O)O)cc(S(=O)(=O)O)c23)ccc1OC,sequence_too_long
CHEMBL1207507,CC(=O)OC/C(=C\C(=O)O)OC1OC(COS(=O)(=O)O)C(OC2OC(C(=O)O)C(OC3OC(COS(=O)(=O)O)C(OC4OC(C(=O)O)C(OC5OC(CS(=O)(=O)O)C(O)C(OC(C)=O)C5NS(=O)(=O)O)C(OC(C)=O)C4OS(=O)(=O)O)C(OC(C)=O)C3NS(=O)(=O)O)C(OC(C)=O)C2OS(=O)(=O)O)C(OC(C)=O)C1NS(=O)(=O)O,sequence_too_long
CHEMBL1207508,OCC1OC(SCC2OC3OC4C(CSC5OC(CO)C(O)C(O)C5O)OC(OC5C(CSC6OC(CO)C(O)C(O)C6O)OC(OC6C(CSC7OC(CO)C(O)C(O)C7O)OC(OC7C(CSC8OC(CO)C(O)C(O)C8O)OC(OC8C(CSC9OC(CO)C(O)C(O)C9O)OC(OC9C(CSC%10OC(CO)C(O)C(O)C%10O)OC(OC2C(O)C3O)C(O)C9O)C(O)C8O)C(O)C7O)C(O)C6O)C(O)C5O)C(O)C4O)C(O)C(O)C1O,sequence_too_long
CHEMBL1207509,O=C(O)CCCSCC1O[C@@H]2O[C@@H]3C(CSCCCC(=O)O)O[C@H](O[C@@H]4C(CSCCCC(=O)O)O[C@H](O[C@@H]5C(CSCCCC(=O)O)O[C@H](O[C@@H]6C(CSCCCC(=O)O)O[C@H](O[C@@H]7C(CSCCCC(=O)O)O[C@H](O[C@@H]8C(CSCCCC(=O)O)O[C@H](O[C@@H]9C(CSCCCC(=O)O)O[C@H](O[C@H]1C(O)C2O)C(O)C9O)C(O)C8O)C(O)C7O)C(O)C6O)C(O)C5O)C(O)C4O)C(O)C3O,sequence_too_long
CHEMBL1207511,CCCC[C@H](NC(=O)[C@H](Cc1ccc(CS(=O)(=O)O)cc1)NC(=O)OC(C)(C)C)C(=O)NCC(=O)N[C@@H](Cc1c[nH]c2ccccc12)C(=O)N[C@@H](CCCC)C(=O)N[C@@H](CC(=O)O)C(=O)N[C@@H](Cc1ccccc1)C(N)=O,sequence_too_long
CHEMBL1207514,O=C(Nc1cccc(C(=O)Nc2cc(C(=O)Nc3ccc(S(=O)(=O)O)c4cc(S(=O)(=O)O)cc(S(=O)(=O)O)c34)ccc2F)c1)Nc1cccc(C(=O)Nc2cc(C(=O)Nc3ccc(S(=O)(=O)O)c4cc(S(=O)(=O)O)cc(S(=O)(=O)O)c34)ccc2F)c1,sequence_too_long
CHEMBL1207516,O=C(Nc1cccc(C(=O)Nc2cc(C(=O)Nc3ccc(S(=O)(=O)O)c4cc(S(=O)(=O)O)cc(S(=O)(=O)O)c34)ccc2Cl)c1)Nc1cccc(C(=O)Nc2cc(C(=O)Nc3ccc(S(=O)(=O)O)c4cc(S(=O)(=O)O)cc(S(=O)(=O)O)c34)ccc2Cl)c1,sequence_too_long
CHEMBL1207517,CO/C(C)=C1/NC(=O)[C@H]([C@@H](C)O)NC(=O)c2csc(n2)-c2cc(O)c(-c3nc(C(=O)N[C@@H](C)C(=O)NCCCP(=O)(O)O)cs3)nc2-c2csc(n2)[C@@H]2COC(=O)c3c4c5c(cccc5n3O)COC(=O)[C@@H](O[C@H]3C[C@](C)(O)[C@H](N(C)C)[C@H](C)O3)[C@@H](OC4)[C@H](NC(=O)c3csc1n3)c1nc(cs1)C(=O)N2,sequence_too_long
CHEMBL1207524,CC(C)c1ccc(C(=O)Nc2ccc(S(=O)(=O)O)c3cc(S(=O)(=O)O)cc(S(=O)(=O)O)c23)cc1NC(=O)Nc1cc(C(=O)Nc2ccc(S(=O)(=O)O)c3cc(S(=O)(=O)O)cc(S(=O)(=O)O)c23)ccc1C(C)C,sequence_too_long
CHEMBL1207525,COc1ccc(C(=O)Nc2ccc(S(=O)(=O)O)c3cc(S(=O)(=O)O)cc(S(=O)(=O)O)c23)cc1NC(=O)c1cccc(NC(=O)Nc2cccc(C(=O)Nc3cc(C(=O)Nc4ccc(S(=O)(=O)O)c5cc(S(=O)(=O)O)cc(S(=O)(=O)O)c45)ccc3OC)c2)c1,sequence_too_long
CHEMBL1207526,O=C(O)CSCC1O[C@@H]2O[C@@H]3C(CSCC(=O)O)O[C@H](O[C@@H]4C(CSCC(=O)O)O[C@H](O[C@@H]5C(CSCC(=O)O)O[C@H](O[C@@H]6C(CSCC(=O)O)O[C@H](O[C@@H]7C(CSCC(=O)O)O[C@H](O[C@H]1C(O)C2O)C(O)C7O)C(O)C6O)C(O)C5O)C(O)C4O)C(O)C3O,sequence_too_long
CHEMBL1207529,O=C(O)/C=C(\COC(=O)c1ccccc1)OC1OC(COS(=O)(=O)O)C(OC2OC(C(=O)O)C(OC3OC(COS(=O)(=O)O)C(OC4OC(C(=O)O)C(OC5OC(COS(=O)(=O)O)C(O)C(OC(=O)c6ccccc6)C5NS(=O)(=O)O)C(OC(=O)c5ccccc5)C4OS(=O)(=O)O)C(OC(=O)c4ccccc4)C3NS(=O)(=O)O)C(OC(=O)c3ccccc3)C2OS(=O)(=O)O)C(OC(=O)c2ccccc2)C1NS(=O)(=O)O,sequence_too_long
CHEMBL1207530,CCCCCCCCOc1ccc(C(=O)N[C@H]2C[C@@H](O)[C@H](O)NC(=O)[C@@H]3[C@@H](O)[C@@H](C)CN3C(=O)[C@H]([C@H](O)CC(N)=O)NC(=O)[C@H]([C@H](O)[C@@H](O)c3ccc(O)c(OS(=O)(=O)O)c3)NC(=O)[C@@H]3C[C@@H](O)CN3C(=O)[C@H]([C@@H](C)O)NC2=O)cc1,sequence_too_long
CHEMBL1207535,C=CCCOC(=O)/C=C(\CO)OC1OC(COS(=O)(=O)O)C(OC2OC(C(=O)OCCC=C)C(OC3OC(COS(=O)(=O)O)C(OC4OC(C(=O)OCCC=C)C(OC5OC(COS(=O)(=O)O)C(O)C(O)C5NS(=O)(=O)O)C(O)C4OS(=O)(=O)O)C(O)C3NS(=O)(=O)O)C(O)C2OS(=O)(=O)O)C(O)C1NS(=O)(=O)O,sequence_too_long
CHEMBL1207539,O=C(O)CCc1cccc(SCC2O[C@@H]3O[C@@H]4C(CO)O[C@H](O[C@@H]5C(CO)O[C@H](O[C@@H]6C(CO)O[C@H](O[C@@H]7C(CO)O[C@H](O[C@@H]8C(CO)O[C@H](O[C@@H]9C(CO)O[C@H](O[C@@H]%10C(CO)O[C@H](O[C@H]2C(O)C3O)C(O)C%10O)C(O)C9O)C(O)C8O)C(O)C7O)C(O)C6O)C(O)C5O)C(O)C4O)c1,sequence_too_long
CHEMBL1207542,COCc1ccc(C(=O)Nc2ccc(S(=O)(=O)O)c3cc(S(=O)(=O)O)cc(S(=O)(=O)O)c23)cc1NC(=O)Nc1cc(C(=O)Nc2ccc(S(=O)(=O)O)c3cc(S(=O)(=O)O)cc(S(=O)(=O)O)c23)ccc1COC,sequence_too_long
CHEMBL1207544,CCCCCCCC(=O)OC/C(=C\C(=O)O)OC1OC(COS(=O)(=O)O)C(OC2OC(C(=O)O)C(OC3OC(COS(=O)(=O)O)C(OC4OC(C(=O)O)C(OC5OC(CS(=O)(=O)O)C(O)C(OC(=O)CCCCCCC)C5NS(=O)(=O)O)C(OC(=O)CCCCCCC)C4OS(=O)(=O)O)C(OC(=O)CCCCCCC)C3NS(=O)(=O)O)C(OC(=O)CCCCCCC)C2OS(=O)(=O)O)C(OC(=O)CCCCCCC)C1NS(=O)(=O)O,sequence_too_long
CHEMBL1207546,CC(=O)NC1C(O)CC(OCCCOCOCC(COCOCCCOC2(C(=O)O)CC(O)C(NC(C)=O)C([C@@H](O)[C@H](O)CO)O2)(COCOCCCOC2(C(=O)O)CC(O)C(NC(C)=O)C([C@@H](O)[C@H](O)CO)O2)CO[C@H]2CCC3(C)C(=CCC4[C@@H]3CCC3(C)[C@@H](C(C)CCCC(C)C)CC[C@@H]43)C2)(C(=O)O)OC1[C@@H](O)[C@H](O)CO,sequence_too_long
CHEMBL1207547,O=C(O)/C=C(\CO)OC1OC(COS(=O)(=O)O)C(OC2OC(C(=O)O)C(OC3OC(COS(=O)(=O)O)C(OC4OC(C(=O)O)C(OC5OC(COS(=O)(=O)O)C(O)C(O)C5NS(=O)(=O)O)C(O)C4OS(=O)(=O)O)C(O)C3NS(=O)(=O)O)C(O)C2OS(=O)(=O)O)C(O)C1NS(=O)(=O)O,sequence_too_long
CHEMBL1207548,CC(=O)O[C@H]1C(=O)[C@@]2(C)[C@H]([C@H](OC(=O)c3ccccc3)[C@]3(O)C[C@H](OC(=O)[C@H](OC(=O)CC(C)(C)c4c(C)cc(C)cc4OP(=O)(O)O)[C@@H](NC(=O)c4ccccc4)c4ccccc4)C(C)=C1C3(C)C)[C@]1(OC(C)=O)CO[C@@H]1C[C@@H]2O,sequence_too_long
CHEMBL1207551,CCCC(=O)OC/C(=C\C(=O)OCc1ccccc1)OC1OC(COS(=O)(=O)O)C(OC2OC(C(=O)OCc3ccccc3)C(OC3OC(COS(=O)(=O)O)C(OC4OC(C(=O)OCc5ccccc5)C(OC5OC(COS(=O)(=O)O)C(O)C(OC(=O)CCC)C5NS(=O)(=O)O)C(OC(=O)CCC)C4OS(=O)(=O)O)C(OC(=O)CCC)C3NS(=O)(=O)O)C(OC(=O)CCC)C2OS(=O)(=O)O)C(OC(=O)CCC)C1NS(=O)(=O)O,sequence_too_long
CHEMBL1207555,O=C(O)c1cccc(SCC2O[C@@H]3O[C@@H]4C(CO)O[C@H](O[C@@H]5C(CO)O[C@H](O[C@@H]6C(CO)O[C@H](O[C@@H]7C(CO)O[C@H](O[C@@H]8C(CO)O[C@H](O[C@@H]9C(CO)O[C@H](O[C@@H]%10C(CO)O[C@H](O[C@H]2C(O)C3O)C(O)C%10O)C(O)C9O)C(O)C8O)C(O)C7O)C(O)C6O)C(O)C5O)C(O)C4O)c1,sequence_too_long
CHEMBL1207556,CCC(C(=O)O)[C@@]1(O)O[C@@H]([C@H](C)[C@H]2O[C@@]3(CC[C@@](C)([C@H]4CC[C@@](C)([C@@H]5O[C@@H]([C@H]6O[C@](C)(O)[C@H](C)C[C@@H]6C)C[C@@H]5O[C@H]5CC[C@H](OC)[C@@H](C)O5)O4)O3)C[C@H](O)[C@H]2C)[C@H](OC)[C@@H](O[C@H]2CC[C@H](OC)[C@@H](C)O2)[C@@H]1C,sequence_too_long
CHEMBL1207557,CCCCCCCCOc1ccc(/C=C/C(=O)N[C@@H]2C[C@@H](O)[C@@H](O)NC(=O)[C@@H]3[C@@H](O)[C@@H](C)CN3C(=O)[C@H]([C@H](O)CC(N)=O)NC(=O)[C@H]([C@H](O)[C@@H](O)c3ccc(O)c(OS(=O)(=O)O)c3)NC(=O)[C@@H]3C[C@@H](O)CN3C(=O)C([C@@H](C)O)NC2=O)cc1,sequence_too_long
CHEMBL1207560,CCCCOC(=O)/C=C(\COC(=O)CCC)OC1OC(COS(=O)(=O)O)C(OC2OC(C(=O)OCCCC)C(OC3OC(COS(=O)(=O)O)C(OC4OC(C(=O)OCCCC)C(OC5OC(COS(=O)(=O)O)C(O)C(OC(=O)CCC)C5NC(C)=O)C(OC(=O)CCC)C4OS(=O)(=O)O)C(OC(=O)CCC)C3NC(C)=O)C(OC(=O)CCC)C2OS(=O)(=O)O)C(OC(=O)CCC)C1NC(C)=O,sequence_too_long
CHEMBL1207563,CC1(C)S[C@@H]2[C@H](NC(=O)C(N)c3ccccc3)C(=O)N2[C@H]1C(=O)O.COC(=O)c1nnn(C[C@@]2(C)[C@H](C(=O)O)C3C(=O)CC3S2(=O)=O)c1C(=O)OC,multi_fragment
CHEMBL1207607,O=S(=O)(O)c1ccc(-c2c3nc(c(-c4ccc(S(=O)(=O)O)cc4)c4ccc([nH]4)c(-c4ccc(S(=O)(=O)O)cc4)c4ccc([nH]4)c(-c4ccc(S(=O)(=O)O)cc4)c4nc2C=C4)C=C3)cc1,sequence_too_long
CHEMBL1432477,CC(C)N(CCNS(=O)(=O)c1ccc(Cl)cc1)C(C)C.Cl,multi_fragment
CHEMBL1432479,CN1CCN(CCCCOc2ccccc2C=O)CC1.O=C(O)C(=O)O,multi_fragment
CHEMBL1432498,CN(C)CCOC(=O)c1ccc2[nH]c3c(c2c1)CSCC3.Cl,multi_fragment
CHEMBL1432506,CNCCCOc1cc(C)cc(C)c1C.O=C(O)C(=O)O,multi_fragment
CHEMBL1432537,CCOC(=O)c1ccc[n+](CC(=O)Nc2ccccc2OC(F)F)c1.[Cl-],multi_fragment
CHEMBL1432572,CC(N)Cc1c[nH]c2c1ccc1ccccc12.Cl,multi_fragment
CHEMBL1432588,O=C(O)C(=O)O.O=C1CN(C(=O)CNCc2cccc(Cl)c2)c2ccccc2N1,multi_fragment
CHEMBL1432630,COc1ccc(OC)c(CNc2ncc(-c3cccc([N+](=O)[O-])c3)n2C)c1.O=C(O)C(=O)O,multi_fragment
CHEMBL1432651,CCOC(=O)C1Cc2c([nH]c3ccccc23)CN1.Cl,multi_fragment
CHEMBL1432676,CCN(CC)CC#CCC(C)(c1ccccc1)c1ccccc1.Cl,multi_fragment
CHEMBL1432686,CN1CCN(CCC(=O)Nc2ccc(C3CCCC3)cc2)CC1.Cl,multi_fragment
CHEMBL1432698,CCNCC1(c2ccc(OC)c(OC)c2)CCCC1.Cl,multi_fragment
CHEMBL1432704,C=CCn1c(CC#N)nnc1N1CCOCC1.Cl,multi_fragment
CHEMBL1595990,O=C(NCCNC(=O)c1ccccc1F)c1ccco1.O=C(O)C(=O)O,multi_fragment
CHEMBL1596085,CCC(C)NCCOCCOc1ccc(Cl)c2ccccc12.O=C(O)C(=O)O,multi_fragment
CHEMBL1596098,CN(C)C1(CNCC(O)COc2ccc(C(=O)c3ccccc3)cc2)CCCCC1.O=C(O)C(=O)O,multi_fragment
CHEMBL1596127,Cc1nc(C)c(N)c(O)n1.Cl,multi_fragment
CHEMBL1596149,Cc1cc(Cl)c(OCCOCCN2CCN(C)CC2)c(Br)c1.O=C(O)C(=O)O,multi_fragment
CHEMBL1596154,COc1cc(CNc2ccccc2)c([N+](=O)[O-])cc1OC.O=C(O)C(=O)O,multi_fragment
CHEMBL1880982,Cc1cc(N2CCCC2)nc2ccccc12.O=C(O)C(F)(F)F,multi_fragment
CHEMBL1881035,CN(CCN1CCC2(CC1)C(=O)NCN2c1ccccc1)C(=O)c1ccc2ccccc2c1.O=C(O)C(F)(F)F,multi_fragment
CHEMBL1881040,Cl.OCCNCc1cccc2ccccc12,multi_fragment
CHEMBL1881104,Br.C=CC1CN2CCC1CC2C(O)c1ccnc2ccc(OC)cc12,multi_fragment
CHEMBL1881217,CSc1ccc(C2(O)Cc3cccc[n+]3C2c2ccccc2)cc1.[Br-],multi_fragment
CHEMBL2144255,CCCc1c(-c2cccc(Cl)c2)ncn1CCc1ccccc1OC.O=C(O)C(F)(F)F,multi_fragment
CHEMBL2144332,CCCCc1c(-c2ccccc2OC)ncn1CCc1ccccc1Cl.O=C(O)C(F)(F)F,multi_fragment
CHEMBL2144339,COc1ccccc1-c1ncn(Cc2cccc(-c3ccccc3)c2)c1CC(C)C.O=C(O)C(F)(F)F,multi_fragment
CHEMBL2144356,CCN1C(=O)[C@H]2[C@@H](c3ccccc3)N[C@]3(CCCN(Cc4ccccc4)C3=O)[C@H]2C1=O.O=C(O)C(F)(F)F,multi_fragment
CHEMBL2144368,CCC1NC(=O)c2cccnc2-n2c1nc1ccc(OC)cc1c2=O.O=C(O)C(F)(F)F,multi_fragment
CHEMBL2144383,N#Cc1cccc(OCCCN2CCC(C(O)(c3ccccc3)c3ccccc3)CC2)c1.O=C(O)C(F)(F)F,multi_fragment
CHEMBL2144394,Cc1ccn2c(NC3CCCCC3)c(-c3cccc(SC4CCCCC4)c3)nc2c1.O=C(O)C(F)(F)F,multi_fragment
CHEMBL2144456,Cl.O=C(OCCN1CCCCC1)c1cccc(Cl)c1,multi_fragment
CHEMBL2144468,CN(Cc1cccnc1)C(=O)COc1ccc(Cl)c(Cl)c1.O=[N+]([O-])c1cc([N+](=O)[O-])c(O)c([N+](=O)[O-])c1,multi_fragment
CHEMBL3137669,CCO.CN1CCC[C@H]1c1cccnc1,multi_fragment
CHEMBL3137670,CC(=O)[C@H]1CC[C@H]2[C@@H]3CC[C@H]4C[C@H](O)CC[C@]4(C)[C@H]3C(=O)C[C@]12C.C[C@]12CC[C@@H](O)C[C@@H]1CC[C@H]1[C@@H]3CC[C@H](C(=O)CO)[C@@]3(C)CC(=O)[C@@H]12,multi_fragment
CHEMBL3137672,Nc1cc([As]2[As](c3ccc(O)c(N)c3)[As](c3ccc(O)c(N)c3)[As](c3ccc(O)c(N)c3)[As]2c2ccc(O)c(N)c2)ccc1O.Nc1cc([As]2[As](c3ccc(O)c(N)c3)[As]2c2ccc(O)c(N)c2)ccc1O,multi_fragment
CHEMBL3137674,CC1(C)[C@H](C(=O)O)N2C(=O)C[C@H]2S1(=O)=O.CCN1CCN(C(=O)N[C@@H](C(=O)N[C@@H]2C(=O)N3C(C(=O)O)=C(CSc4nnnn4C)CS[C@H]23)c2ccc(O)cc2)C(=O)C1=O,multi_fragment
CHEMBL3137677,C[N+]1(CCNP(=S)(NCC[N+]2(C)CC3C4=C(C=CC3[C@@H]3[C@H]2C2C=C5OCOC5=CC2C[C@@H]3O)OCO4)NCC[N+]2(C)CC3C4=C(C=CC3[C@@H]3[C@H]2C2CC5CCCC5CC2C[C@@H]3O)OCO4)CC2=C(C=CC3OCOC23)[C@@H]2[C@H]1C1C=C3OCOC3=CC1C[C@@H]2O.[OH-].[OH-].[OH-],multi_fragment
CHEMBL3137678,COc1cc(Cc2cnc(N)nc2N)cc(OC)c1OC.Nc1ccc(S(=O)(=O)c2ccc(N)cc2)cc1,multi_fragment
CHEMBL3137679,CN1CC[C@@H]2Nc3ccccc3[C@@H]2C1.Cl.Cl,multi_fragment
CHEMBL3137684,Cc1c(N)nc([C@@H](CC(N)=O)NC[C@@H](N)C(N)=O)nc1C(=O)N[C@@H](C(=O)N[C@@H](C)[C@H](O)[C@@H](C)C(=O)N[C@H](C(=O)NCCc1nc(-c2nc(C(=O)NCCCN(C)CCCN(Cc3ccc(OCc4ccccc4)c(OCc4ccccc4)c3)Cc3ccc(OCc4ccccc4)c(OCc4ccccc4)c3)cs2)cs1)[C@@H](C)O)C(O[C@H]1O[C@@H](CO)[C@H](O)[C@@H](O)[C@H]1O[C@H]1O[C@@H](CO)[C@@H](O)[C@H](OC(N)=O)[C@@H]1O)c1c[nH]cn1,sequence_too_long
CHEMBL3137686,CC(=N)N1CC[C@H](SC2=C(C(=O)O)N3C(=O)[C@H]([C@@H](C)O)[C@H]3C2)C1.O=C(O)CCNC(=O)c1ccccc1,multi_fragment
CHEMBL3137687,C1CNCCN1.CCCCC1C(=O)N(c2ccccc2)N(c2ccccc2)C1=O,multi_fragment
CHEMBL3137689,CCc1nc(N)nc(N)c1-c1ccc(Cl)cc1.Nc1ccc(S(=O)(=O)c2ccc(N)cc2)cc1,multi_fragment
CHEMBL3137690,CCc1nc(N)nc(N)c1-c1ccc(Cl)cc1.COc1ncnc(NS(=O)(=O)c2ccc(N)cc2)c1OC,multi_fragment
CHEMBL3137691,CCN(CC)CCS(=O)(=O)[C@@H]1CCN2C(=O)c3coc(n3)CC(=O)C[C@H](O)/C=C(C)/C=C/CNC(=O)/C=C/[C@@H](C)[C@@H](C(C)C)OC(=O)[C@@H]12.CC[C@H]1NC(=O)[C@@H](NC(=O)c2ncccc2O)[C@@H](C)OC(=O)[C@H](c2ccccc2)NC(=O)[C@@H]2CC(=O)[C@H](CS[C@@H]3CN4CCC3CC4)CN2C(=O)[C@H](Cc2ccc(N(C)C)cc2)N(C)C(=O)[C@@H]2CCCN2C1=O,multi_fragment
CHEMBL3137696,CC1(C)S[C@@H]2[C@H](NC(=O)[C@H](C(=O)O)c3ccsc3)C(=O)N2[C@H]1C(=O)O.O=C(O)[C@H]1/C(=C/CO)O[C@@H]2CC(=O)N21,multi_fragment
CHEMBL3137697,CC1=C(/C=C/C(C)=C/C=C/C(C)=C/CO)C(C)(C)CCC1.O=C(O)Cc1cc(I)c(Oc2ccc(O)c(I)c2)c(I)c1,multi_fragment
CHEMBL3137698,O=C(O)c1ccccc1O.O=C(O)c1ccccc1O.O=C(O)c1ccccc1O,multi_fragment
CHEMBL3137699,NC(=O)CNc1ccc([As](=O)([O-])O)cc1.[Na+],multi_fragment
CHEMBL3137745,CCN(CC)Cc1cc(Nc2ccnc3cc(Cl)ccc23)ccc1O.Cl.Cl,multi_fragment
CHEMBL3137809,CC(CCC(C)C(C)(C)C)C1CC[C@H]2[C@@H]3C[C@H](OS(=O)(=O)[O-])C4C[C@H](OS(=O)(=O)[O-])[C@@H](OS(=O)(=O)[O-])CC4(C)[C@H]3CCC12C.[Na+].[Na+].[Na+],multi_fragment
CHEMBL3137841,CC(CCC(=O)NCCS(=O)(=O)[O-])C1CC[C@H]2[C@@H]3[C@@H](O)CC4C[C@H](O)CCC4(C)[C@H]3CCC12C.[Na+],multi_fragment
CHEMBL3137860,CC(=O)[C@@H]1CC[C@H]2[C@@H]3CC[C@H]4C[C@@H](OS(=O)(=O)O)CC[C@@]4(C)[C@H]3CC[C@@]12C.N,multi_fragment
CHEMBL3714802,COc1cc(OCc2csc(C3(N)CCOCC3)n2)c2cc(-c3cn4nc(OC)sc4n3)oc2c1.Cl,multi_fragment
CHEMBL3717674,COc1cccc(OC2CCN(c3nc4cnncc4nc3NC(C)C)CC2)c1.O=C(O)C(F)(F)F,multi_fragment
CHEMBL3715787,Fc1cc(Cl)ccc1OC1CCN(c2nc3cnncc3nc2NC2CC2)CC1.O=C(O)C(F)(F)F,multi_fragment
CHEMBL3719355,Clc1cccc(CN2CCN(c3nc4ccccc4nc3Nc3cccnc3)CC2)c1.O=C(O)C(F)(F)F,multi_fragment
CHEMBL3719027,N#Cc1ccc(C(=O)N2CCN(c3nc4ccccc4nc3NC3CC3)CC2)cc1.O=C(O)C(F)(F)F,multi_fragment
CHEMBL3716201,Fc1ccc(F)c(CN2CCN(c3nc4ccccc4nc3NC3CC3)CC2)c1.O=C(O)C(F)(F)F,multi_fragment
CHEMBL3715237,COc1ccc(Br)c(C(=O)N2CCN(c3nc4ccccc4nc3NC3CC3)CC2)c1.O=C(O)C(F)(F)F,multi_fragment
CHEMBL3716452,O=C(O)C(F)(F)F.O=C(c1ccc(F)c(Br)c1)N1CCN(c2nc3ccccc3nc2NC2CC2)CC1,multi_fragment
CHEMBL3716134,N#Cc1cccc(CN2CCN(c3nc4ccccc4nc3NC3CC3)CC2)c1.O=C(O)C(F)(F)F,multi_fragment
CHEMBL3716487,Clc1cc(CN2CCN(c3nc4ccccc4nc3NC3CC3)CC2)c(Cl)s1.O=C(O)C(F)(F)F,multi_fragment
CHEMBL3718160,CC(C)CNc1nc2ccccc2nc1N1CCN(Cc2cc(Cl)ccc2Cl)CC1.O=C(O)C(F)(F)F,multi_fragment
CHEMBL3718669,CC(C)Nc1nc2ccccc2nc1N1CCN(Cc2cc(Cl)ccc2Cl)CC1.O=C(O)C(F)(F)F,multi_fragment
CHEMBL3715056,CC(C)CCNc1nc2ccccc2nc1N1CCN(Cc2cc(Cl)ccc2Cl)CC1.O=C(O)C(F)(F)F,multi_fragment
CHEMBL3715776,Cc1cc(Br)ccc1C(=O)N1CCN(c2nc3ccccc3nc2NC2CC2)CC1.O=C(O)C(F)(F)F,multi_fragment
CHEMBL3719347,Fc1ccc(CC2CCN(c3nc4ccncc4nc3NC3CC3)CC2)c(F)c1.O=C(O)C(F)(F)F,multi_fragment
CHEMBL3716681,Cc1cc2nc(NC3CC3)c(N3CCC(Cc4ccc(F)cc4F)CC3)nc2cn1.O=C(O)C(F)(F)F,multi_fragment
CHEMBL3717357,Fc1ccc(F)c(OC2CCN(c3nc4cnccc4nc3NC3CC3)CC2)c1.O=C(O)C(F)(F)F,multi_fragment
CHEMBL3715352,Fc1cc(F)c(OC2CCN(c3nc4cnccc4nc3NC3CC3)CC2)c(F)c1.O=C(O)C(F)(F)F,multi_fragment
CHEMBL3716288,O=C(O)C(F)(F)F.O=C(c1c(F)cc(Cl)cc1F)C1CCN(c2nc3cnccc3nc2NC2CC2)CC1,multi_fragment
CHEMBL3718030,O=C(O)C(F)(F)F.O=C(c1cc(Cl)ccc1F)C1CCN(c2nc3cnccc3nc2NC2CC2)CC1,multi_fragment
CHEMBL3719014,N#Cc1ccc2nc(NC3CC3)c(N3CCC(Oc4ccc(F)cc4F)CC3)nc2c1.O=C(O)C(F)(F)F,multi_fragment
CHEMBL3718098,N#Cc1ccc2nc(NC3CC3)c(N3CCC(C(F)c4cc(F)ccc4F)CC3)nc2c1.O=C(O)C(F)(F)F,multi_fragment
CHEMBL3717737,Fc1ccc(CC2CCN(c3nc4cc(F)c(F)cc4nc3NC3CC3)CC2)c(F)c1.O=C(O)C(F)(F)F,multi_fragment
CHEMBL3715672,Fc1ccc(CC2CCN(c3nc4cc(F)ccc4nc3NC3CC3)CC2)c(F)c1.O=C(O)C(F)(F)F,multi_fragment
CHEMBL3719236,N#Cc1ccc2nc(NC3CC3)c(N3CCC(C(F)c4ccc(F)cc4F)CC3)nc2c1.O=C(O)C(F)(F)F,multi_fragment
CHEMBL4077590,CCc1ccccc1OCCN1CCCCCC1.Cl,multi_fragment
CHEMBL4077615,CN(C)C[C@H](O)[C@@H](O)[C@H](O)[C@H](O)CO.O=C(O)c1cc(-c2ccc(F)cc2F)ccc1O,multi_fragment
CHEMBL4077626,CC[C@H](C)[C@H](NC(=O)[C@H](CC(=O)O)NC(=O)[C@@H](NC(=O)[C@H](Cc1ccc(O)cc1)NC(=O)[C@H](Cc1c[nH]c2ccccc12)NC(=O)[C@H](CC(C)C)NC(C)=O)[C@@H](C)O)C(=O)N[C@@H](CCCNC(=N)N)C(=O)N[C@@H](CCSC)C(=O)N[C@@H](CO)C(=O)N[C@@H](Cc1c[nH]c2ccccc12)C(=O)N[C@@H](CCCNC(=N)N)C(=O)N[C@H](C(=O)N1CCC[C@H]1C(=O)O)C(C)C,sequence_too_long
CHEMBL4077628,CC[C@H](C)[C@@H]1NC(=O)[C@@H]2CSSC[C@H](NC(=O)[C@H](CC(=O)O)NC(=O)[C@@H]3CSSC[C@H](NC1=O)C(=O)N[C@@H]([C@@H](C)O)C(=O)N[C@@H](CCCNC(=N)N)C(=O)NCC(=O)N[C@@H](Cc1ccccc1)C(=O)N3)C(=O)N[C@@H](CC(C)C)C(=O)N[C@H]1CSSC[C@H](NC(=O)[C@H](C(C)C)NC(=O)CNC(=O)[C@H](CCCNC(=N)N)NC(=O)[C@H](CCCNC(=N)N)NC1=O)C(=O)N[C@@H](CCCNC(=N)N)C(=O)N2,sequence_too_long
CHEMBL4077636,Cl.O=C(OC(Cn1ccnc1)c1ccccc1)C1CCCCC1,multi_fragment
CHEMBL4077639,C=Cc1c(C)c2cc3nc(c(CC(=O)NCCNC(=O)CCC(=O)O[C@@H]4O[C@@H]5O[C@@]6(C)CC[C@H]7[C@H](C)CC[C@@H]([C@H]4C)[C@@]57OO6)c4[nH]c(cc5nc(cc1[nH]2)C(C)=C5CC)c(C)c4C(=O)NCCNC(=O)CCC(=O)O[C@@H]1O[C@@H]2O[C@@]4(C)CC[C@H]5[C@H](C)CC[C@@H]([C@H]1C)[C@@]25OO4)[C@@H](CCC(=O)NCCNC(=O)CCC(=O)O[C@@H]1O[C@@H]2O[C@@]4(C)CC[C@H]5[C@H](C)CC[C@@H]([C@H]1C)[C@@]25OO4)[C@@H]3C,sequence_too_long
CHEMBL4077662,COC(=O)CSC[C@H]1[C@H](NC(=O)Cc2ccccc2)C(=O)N1S(=O)(=O)[O-].[K+],multi_fragment
CHEMBL4077669,CC(=O)N[C@@H](CC(C)C)C(=O)N[C@@H](CC(=O)O)C(=O)N[C@@H](CC(C)C)C(=O)N[C@@H](CC(C)C)C(=O)N[C@@H](CCCNC(=N)N)C(=O)N[C@H](C(=O)N[C@@H](CCCCN)C(=O)NCc1ccc(C(=N)N)cc1)C(C)C,sequence_too_long
CHEMBL4077677,O=C(N[C@@H](CC1CCCCC1)C(=O)N[C@@H](C[C@@H]1CCNC1=O)C(O)S(=O)(=O)[O-])OCCc1cccc(Cl)c1.[Na+],multi_fragment
CHEMBL4077689,Cl.NCCCN1N=C(CCc2ccc(O)cc2)c2ccccc2N(Cc2ccc3ccccc3c2)C1=O,multi_fragment
CHEMBL4077694,CC[C@H](C)[C@H](N)C(=O)N[C@@H](Cc1ccccc1)C(=O)N[C@@H](CCC(N)=O)C(=O)N[C@@H](CCC(=O)O)C(=O)N[C@@H](Cc1ccc(O)cc1)C(=O)N1CCC[C@H]1C(=O)N[C@@H](CC(=O)O)C(=O)N[C@@H](CCC(=O)O)C(=O)N[C@H](C(=O)N[C@@H](CCC(=O)O)C(=O)N[C@@H](Cc1ccc(O)cc1)C(=O)N[C@H](C(=O)N[C@@H](Cc1ccccc1)C(N)=O)[C@@H](C)CC)[C@@H](C)CC,sequence_too_long
CHEMBL4077706,COc1ccc(-c2cc(-c3cccc4ccccc34)nc3cnc4ccccc4c23)cc1.Cl,multi_fragment
CHEMBL4077725,CCN(CC)CCCCOC(=O)c1cc(O)c2c(c1)C(=O)c1cccc(O)c1C2=O.Cl,multi_fragment
CHEMBL4077726,Cc1cc(COc2ccc(S(=O)(=O)N[C@@H]3CCN(C=O)C[C@]3(O)C(=O)NO)cc2)c2ccccc2n1.O=C(O)C(F)(F)F,multi_fragment
CHEMBL4077740,CCCC[C@H](NC(=O)[C@@H]1CCCN1C(=O)CNC(=O)[C@H](CCCCN)NC(=O)[C@H](Cc1c[nH]cn1)NC(=O)[C@H](CO)NC(=O)N(CC(C)C)NC(=O)[C@H](CCCNC(=N)N)NC(=O)[C@@H]1CCCN1C(=O)[C@H](CCCNC(=N)N)NC(=O)[C@@H]1CCC(=O)N1)C(=O)NC(C)(C)C(=O)N[C@@H](Cc1ccc(Br)cc1)C(=O)O,sequence_too_long
CHEMBL4077757,COc1ccc2c(Br)c3[n+](cc2c1OCCCCCCCCO[N+](=O)[O-])CCc1cc2c(cc1-3)OCO2.[Br-],multi_fragment
CHEMBL4077766,CC[C@H](C)[C@H](NC(=O)[C@@H](Cc1ccccc1)NC)C(=O)N[C@@H](CCCCN)C(=O)N[C@H](CCC(N)=O)C(=O)N[C@@H](C(=O)N[C@H](C(=O)N[C@@H](CO)C(=O)N[C@H]1C(=O)N[C@@H](CCCCN)C(=O)N[C@@H](CCCCN)C(=O)N[C@@H]([C@@H](C)CC)C(=O)O[C@H]1C)[C@@H](C)CC)[C@@H](C)CC,sequence_too_long
CHEMBL4077778,CSCC[C@H](NC(=O)[C@H](CO)NC(=O)[C@H](CCCNC(=N)N)NC(=O)[C@@H](NC(=O)CNC(=O)[C@H](CO)NC(=O)[C@H](C)NC(=O)[C@H](C)NC(=O)[C@@H](N)[C@@H](C)O)C(C)C)C(=O)N[C@@H](Cc1cc2ccccc2[nH]1)C(=O)O,sequence_too_long
CHEMBL4077779,Cc1ncccc1OC1CN(c2cccc(COC(=O)NC(=N)N)c2F)C1.O=C(O)[C@H](O)[C@@H](O)C(=O)O,multi_fragment
CHEMBL4077784,Cl.O=C(O)CCc1ccc(OCc2ccc(CN3CCC4(CC3)CC(CCOc3ccc(F)cc3)CCO4)cc2)cc1,multi_fragment
CHEMBL4077791,O=c1[nH]cnc2c1nc(Br)n2CC(COCCP(=O)([O-])[O-])COCCP(=O)([O-])[O-].[Na+].[Na+].[Na+].[Na+],multi_fragment
CHEMBL4077808,C/C(=C\c1ccc(-c2ccccc2)cc1)CN(C)Cc1coc2ccccc12.Cl,multi_fragment
CHEMBL4077837,COc1cccc2c1C(=O)c1c(O)c3c(c(O)c1C2=O)C[C@@](O)(/C(CO)=N/OCC(=O)NCCCC[C@H](NC(=O)CO/N=C(\CO)[C@]1(O)Cc2c(O)c4c(c(O)c2[C@@H](O[C@H]2C[C@H](N)[C@H](O)[C@H](C)O2)C1)C(=O)c1c(OC)cccc1C4=O)C(=O)NCCSSCCNC(=O)[C@H](CCCCNC(=O)CO/N=C(\CO)[C@]1(O)Cc2c(O)c4c(c(O)c2[C@@H](O[C@H]2C[C@H](N)[C@H](O)[C@H](C)O2)C1)C(=O)c1c(OC)cccc1C4=O)NC(=O)CO/N=C(\CO)[C@]1(O)Cc2c(O)c4c(c(O)c2[C@@H](O[C@H]2C[C@H](N)[C@H](O)[C@H](C)O2)C1)C(=O)c1c(OC)cccc1C4=O)C[C@@H]3O[C@H]1C[C@H](N)[C@H](O)[C@H](C)O1,sequence_too_long
CHEMBL4476475,CC(=O)N[C@@H](CS)C(=O)N[C@@H](CCC(N)=O)C(=O)N[C@H](C(=O)N[C@@H](Cc1c[nH]c2ccccc12)C(=O)N[C@@H](CCC(N)=O)C(=O)N[C@@H](CS)C(=O)N[C@@H](Cc1ccc(O)cc1)C(=O)N[C@@H](Cc1c[nH]c2ccccc12)C(=O)N[C@@H](CCC(C)C)C(=O)N1CCC[C@H]1C(=O)N[C@@H](CC(N)=O)C(=O)NCC(N)=O)[C@@H](C)O,sequence_too_long
CHEMBL4476484,Cl.Cl.N#Cc1ccc(OCCc2ccc(CN3CCN(c4ccccc4)CC3)cc2)cc1,multi_fragment
CHEMBL4476511,CC(=O)N[C@H](C(=O)N[C@@H](CCC(N)=O)C(=O)N[C@@H](Cc1ccccc1)C(=O)N[C@@H](CC(=O)O)C(=O)N[C@@H](CS)C(=O)N[C@@H](CCCNC(=N)N)C(=O)N[C@H](C(=O)N[C@@H](Cc1c[nH]c2ccccc12)C(=O)N[C@@H](CCC(=O)O)C(=O)N[C@@H](CS)C(=O)N[C@@H](Cc1ccc(O)cc1)C(=O)N[C@@H](Cc1c[nH]c2ccccc12)C(=O)N[C@@H](Cc1cnc[nH]1)C(=O)N[C@H](C(=O)N[C@@H](Cc1ccccc1)C(=O)NCC(N)=O)[C@@H](C)O)[C@@H](C)O)[C@@H](C)O,sequence_too_long
CHEMBL4476528,CC(C)C[C@@H]1NC(=O)[C@H](CCC(=O)O)NC(=O)[C@@H]2CCCN2C(=O)[C@H](Cc2cnc[nH]2)NC(=O)[C@H](CCCCC(=O)O)NC(=O)[C@H](C(C)C)NC(=O)[C@H](CO)NC(=O)[C@@H]2CSSC[C@H](NC(=O)CN)C(=O)N[C@@H](CSSC[C@@H](C(N)=O)NC1=O)C(=O)N[C@@H](CO)C(=O)N[C@@H](Cc1cnc[nH]1)C(=O)N1CCC[C@H]1C(=O)N[C@@H](C)C(=O)N2,sequence_too_long
CHEMBL4476529,Cc1c(CCO)sc[n+]1CCCCCCCCOc1ccc(/C(N)=N/O)cc1.[Br-],multi_fragment
CHEMBL4476540,CCCCC1NC(=O)[C@H](C)NC(=O)[C@H](NC(=O)[C@H](Cc2cnc[nH]2)NC(=O)[C@H](Cc2c[nH]c3ccccc23)NC(=O)[C@H](CCCCN)NC(=O)[C@H](Cc2ccc(O)cc2)NC(=O)[C@H](Cc2ccc(O)cc2)NC(=O)[C@H](CO)NC(C)=O)CSSC[C@@H](C(=O)N[C@H](C(=O)N[C@@H](Cc2c[nH]c3ccccc23)C(=O)N[C@H](C(=O)N[C@@H](CCCCN)C(=O)N[C@@H](Cc2ccccc2)C(N)=O)C(C)C)C(C)C)NC(=O)[C@H]([C@@H](C)O)NC(=O)[C@H](Cc2ccccc2)NC(=O)[C@H]([C@@H](C)O)NC(=O)CNC(=O)[C@H](CCCCN)NC(=O)[C@H](CC(C)C)NC(=O)[C@H](CC(=O)O)NC(=O)[C@H](CCCNC(=N)N)NC1=O,sequence_too_long
CHEMBL4476550,Nc1cccc(S(=O)(=O)[N-][N+](=O)[O-])c1.[Ag+],multi_fragment
CHEMBL4476561,O=S(=O)([O-])c1cc(O)c2cccc(/N=N/c3cccc4c(O)cc(S(=O)(=O)[O-])cc34)c2c1.[Na+].[Na+],multi_fragment
CHEMBL4476564,CC(=O)N[C@@H](Cc1ccccc1)C(=O)N[C@@H](CCC(N)=O)C(=O)N[C@@H](CO)C(=O)N[C@@H](CCCCN)C(=O)N[C@@H](CCC(N)=O)C(=O)N[C@@H](CC(N)=O)C(=O)N[C@H](C(=O)N[C@@H](Cc1ccccc1)C(=O)N[C@H](C(=O)N[C@@H](CCC(=O)O)C(=O)N[C@@H](CC(=O)O)C(=O)NCC(=O)N[C@@H](Cc1ccc(O)cc1)C(=O)N[C@@H](Cc1ccccc1)C(=O)N[C@@H](CCC(=O)O)C(=O)N[C@@H](CCCNC(=N)N)C(=O)N[C@@H](CC(C)C)C(=O)N[C@@H](CS)C(=O)N[C@@H](C)C(=O)N[C@@H](CCCCN)C(=O)N[C@@H](CC(C)C)C(N)=O)C(C)C)C(C)C,sequence_too_long
CHEMBL4476565,Cc1cc(Nc2ncc(Cl)c(Nc3ccccc3S(=O)(=O)C(C)C)n2)c(OC(C)C)cc1C1CCN(C(=O)COCCOCC(=O)N[C@H](C(=O)N2C[C@H](O)C[C@H]2C(=O)N[C@@H](C)c2ccc(-c3scnc3C)cc2)C(C)(C)C)CC1,sequence_too_long
CHEMBL4476570,CC(=O)N[C@@H](CS)C(=O)N[C@@H](C)C(=O)N[C@@H](CC(=O)O)C(=O)N[C@@H](Cc1c[nH]c2ccccc12)C(=O)N[C@H](C(=O)N[C@@H](CS)C(=O)N[C@@H](Cc1ccc(O)cc1)C(=O)N[C@@H](Cc1cccc2ccccc12)C(=O)N[C@H](C(=O)N[C@H](C(=O)N[C@@H](Cc1ccccc1)C(=O)NCC(N)=O)[C@@H](C)O)C(C)C)C(C)C,sequence_too_long
CHEMBL4476573,CC(C)[C@H](NC(=O)[C@H](CCCNC(=N)N)NC(=O)[C@H](Cc1c[nH]c2ccccc12)NC(=O)[C@H](CCCNC(=N)N)NC(=O)[C@@H](NC(=O)[C@H](CCCCN)NC(=O)[C@H](Cc1c[nH]c2ccccc12)NC(=O)[C@H](CCCNC(=N)N)NC(=O)[C@@H](NC(=O)[C@H](CCCNC(=N)N)NC(=O)[C@@H](N)Cc1c[nH]c2ccccc12)C(C)C)C(C)C)C(=O)N[C@@H](CCCCN)C(N)=O,sequence_too_long
CHEMBL4476584,CC(C)NC1CN(c2ccnc(N)n2)C1.O=C(O)/C=C/C(=O)O,multi_fragment
CHEMBL4476589,C=CC(=O)N1CCC(NC(=O)c2n[nH]cc2NC(=O)c2c(Cl)cccc2Cl)CC1.O=C(O)C(F)(F)F,multi_fragment
CHEMBL4476595,CC(C)C[C@H](NC(=O)[C@H](C)NC(=O)[C@H](C)NC(=O)[C@@H](NC(=O)[C@H](CO)NC(=O)[C@H](CC(C)C)NC(=O)[C@H](CCC(=O)O)NC(=O)[C@H](CO)NC(=O)[C@H](C)NC(=O)CC[C@H](NC(=O)CCCCCCCCCCCCCCCCCCC(=O)O)C(=O)O)[C@@H](C)O)C(=O)NCC(=O)N[C@@H](CCCNC(=N)N)C(=O)N[C@@H](CC(C)C)C(=O)N[C@@H](CO)C(=O)N[C@@H](C)C(=O)N[C@@H](CCC(=O)O)C(=O)N[C@@H](CC(C)C)C(=O)N[C@@H](Cc1cnc[nH]1)C(=O)N[C@@H](CCC(=O)O)C(=O)N[C@@H](CC(C)C)C(=O)N[C@@H](C)C(=O)N[C@H](C(=O)N[C@@H](CC(C)C)C(=O)N1CCC[C@H]1C(=O)N[C@@H](CCCNC(=N)N)C(=O)N[C@H](C(=O)N[C@@H](CCC(=O)O)C(=O)N[C@H](C(=O)NCC(=O)N[C@@H](CO)C(=O)NCC(=O)N[C@@H](CO)C(=O)N[C@@H](Cc1ccccc1)C(N)=O)[C@@H](C)O)[C@@H](C)O)[C@@H](C)O,sequence_too_long
CHEMBL4476604,C/C(=C/CCn1cc(CC(C)(P(=O)([O-])[O-])P(=O)([O-])[O-])nn1)CC/C=C(\C)CO.[Na+].[Na+].[Na+].[Na+],multi_fragment
CHEMBL4476615,CC[C@H](C)[C@H](NC(=O)[C@@H](NC(=O)[C@H](CC(C)C)NC(=O)[C@H](Cc1ccccc1)NC(=O)[C@H](Cc1ccc(O)cc1)NC(=O)[C@H](CC(C)C)NC(=O)[C@H](CC(C)C)NC(=O)[C@H](CCCNC(=N)N)NC(=O)[C@H](CCC(=O)O)NC(=O)[C@H](CC(=O)O)NC(=O)[C@@H](NC(=O)[C@H](Cc1ccccc1)NC(=O)[C@@H](NC(=O)[C@H](CC(N)=O)NC(=O)CNC(=O)[C@H](CO)NC(=O)[C@H](CCCCN)NC(=O)[C@H](CCCCN)NC(C)=O)[C@@H](C)O)C(C)C)[C@@H](C)O)C(=O)NCC(=O)N[C@@H](CC(N)=O)C(=O)N[C@@H](CCSC)C(=O)NCC(=O)N[C@@H](CCSC)C(=O)N[C@@H](Cc1ccc(O)cc1)C(=O)N[C@@H](C)C(=O)N[C@@H](C)C(=O)N[C@@H](CCC(N)=O)C(=O)N[C@@H](CC(C)C)C(=O)N[C@@H](CCCCN)C(=O)N[C@@H](Cc1ccccc1)C(=O)N[C@@H](CCCNC(=N)N)C(=O)N[C@H](C(=O)N[C@@H](CO)C(=O)N[C@@H](CCCCN)C(=O)N[C@@H](CCCCN)C(N)=O)[C@@H](C)O,sequence_too_long
CHEMBL4476627,N=C(N)c1ccc(CNC(=O)[C@@H]2Cc3ccc(cc3)NC(=O)CCN3CCN(CCC(=O)Nc4ccc(cc4)C[C@@H](NC=O)C(=O)N2)CC3)cc1.O=C(O)C(F)(F)F.O=C(O)C(F)(F)F.O=C(O)C(F)(F)F,multi_fragment
CHEMBL4476638,O=C(CCC(CCC(=O)NC(Cc1c(-c2ccc(C(=O)O)cc2)[nH]c2ccccc12)C(=O)O)(CCC(=O)NC(Cc1c(-c2ccc(C(=O)O)cc2)[nH]c2ccccc12)C(=O)O)[N+](=O)[O-])NC(Cc1c(-c2ccc(C(=O)O)cc2)[nH]c2ccccc12)C(=O)O,sequence_too_long
CHEMBL4476670,Cl.O=C(O)CNc1cccc(CN(Cc2cc3ccccc3s2)S(=O)(=O)c2cccnc2)n1,multi_fragment
CHEMBL4476675,CC[C@@H](C(=O)[C@@H](C)[C@@H](O)[C@H](C)[C@@H]1O[C@@H]([C@@H](CC)C(=O)[O-])CC[C@@H]1C)[C@H]1O[C@@]2(C=C[C@@H](OCc3ccccc3)[C@@]3(CC[C@@](C)([C@H]4CC[C@](O)(CC)[C@H](C)O4)O3)O2)[C@H](C)C[C@@H]1C.[Na+],multi_fragment
CHEMBL4476709,Cc1cc(N)nc2cc(-c3ccc4c(c3)C(N)CC4)ccc12.Cl.Cl,multi_fragment
CHEMBL4476710,Cl.N=C1Cc2ccccc2N1Cc1ccccc1,multi_fragment
CHEMBL4804041,CC(=O)N[C@H]1[C@H](O[C@@H]([C@H](O[C@@H]2O[C@@H](C)[C@@H](OS(=O)(=O)O)[C@@H](OS(=O)(=O)O)[C@@H]2O)[C@@H](O)CO)[C@H](O)C(=O)O)O[C@H](COS(=O)(=O)O)[C@H](OS(=O)(=O)O)[C@@H]1O[C@@H]1O[C@H](C(=O)O)[C@@H](O[C@@H]2O[C@H](COS(=O)(=O)O)[C@H](OS(=O)(=O)O)[C@H](O[C@@H]3O[C@H](C(=O)O)[C@@H](O[C@@H]4O[C@H](COS(=O)(=O)O)[C@H](OS(=O)(=O)O)[C@H](O[C@@H]5O[C@H](C(=O)O)[C@@H](O[C@@H]6O[C@H](COS(=O)(=O)O)[C@H](OS(=O)(=O)O)[C@H](O[C@@H]7O[C@H](C(=O)O)[C@@H](O[C@@H]8O[C@H](COS(=O)(=O)O)[C@H](OS(=O)(=O)O)[C@H](O[C@@H]9O[C@H](C(=O)O)[C@@H](O[C@@H]%10O[C@H](COS(=O)(=O)O)[C@H](OS(=O)(=O)O)[C@H](O[C@@H]%11O[C@H](C(=O)O)[C@@H](O[C@@H]%12O[C@H](COS(=O)(=O)O)[C@H](OS(=O)(=O)O)[C@H](O[C@@H]%13O[C@H](C(=O)O)[C@@H](O[C@@H]%14O[C@H](COS(=O)(=O)O)[C@H](OS(=O)(=O)O)[C@H](O[C@@H]%15O[C@H](C(=O)O)[C@@H](O[C@@H]%16O[C@H](COS(=O)(=O)O)[C@H](OS(=O)(=O)O)[C@H](O[C@@H]%17OC(C(=O)O)=C[C@H](O[C@@H]%18O[C@@H](C)[C@@H](OS(=O)(=O)O)[C@@H](OS(=O)(=O)O)[C@@H]%18O)[C@H]%17O)[C@H]%16NC(C)=O)[C@H](O[C@@H]%16O[C@@H](C)[C@@H](OS(=O)(=O)O)[C@@H](OS(=O)(=O)O)[C@@H]%16O)[C@H]%15O)[C@H]%14NC(C)=O)[C@H](O[C@@H]%14O[C@@H](C)[C@@H](OS(=O)(=O)O)[C@@H](OS(=O)(=O)O)[C@@H]%14O)[C@H]%13O)[C@H]%12NC(C)=O)[C@H](O[C@@H]%12O[C@@H](C)[C@@H](OS(=O)(=O)O)[C@@H](OS(=O)(=O)O)[C@@H]%12O)[C@H]%11O)[C@H]%10NC(C)=O)[C@H](O[C@@H]%10O[C@@H](C)[C@@H](OS(=O)(=O)O)[C@@H](OS(=O)(=O)O)[C@@H]%10O)[C@H]9O)[C@H]8NC(C)=O)[C@H](O[C@@H]8O[C@@H](C)[C@@H](OS(=O)(=O)O)[C@@H](OS(=O)(=O)O)[C@@H]8O)[C@H]7O)[C@H]6NC(C)=O)[C@H](O[C@@H]6O[C@@H](C)[C@@H](OS(=O)(=O)O)[C@@H](OS(=O)(=O)O)[C@@H]6O)[C@H]5O)[C@H]4NC(C)=O)[C@H](O[C@@H]4O[C@@H](C)[C@@H](OS(=O)(=O)O)[C@@H](OS(=O)(=O)O)[C@@H]4O)[C@H]3O)[C@H]2NC(C)=O)[C@H](O[C@@H]2O[C@@H](C)[C@@H](OS(=O)(=O)O)[C@@H](OS(=O)(=O)O)[C@@H]2O)[C@H]1O,sequence_too_long
CHEMBL4804056,CC[C@H](C)[C@H](NC(=O)[C@H](CC(C)C)NC(=O)c1ccco1)C(=O)NCC(=O)N[C@@H](CCCNC(=N)N)C(=O)N[C@@H](CC(C)C)C(=O)N[C@@H](CCCN)C(=O)NCCOCCOCCOCCOCCOCCOCCOCCOCCn1cc(C[C@H]2CN[C@@H](CCCNC(=N)N)C(=O)NCC(=O)N[C@@H](CC(=O)O)C(=O)N[C@H](Cc3ccccc3)C(=O)N2)nn1,sequence_too_long
CHEMBL4804061,COc1ccc(S(=O)(=O)N(CCO)c2ccccc2CN(C)C/C=C/c2ccc(Cl)cc2)cc1.O=P(=O)OO,multi_fragment
CHEMBL4804088,CO[C@H]1/C=C/O[C@@]2(C)Oc3c(C)c(O)c4c(O)c(c(/C=N/N5CCN(Cc6cn(CCCCCCCCCCCCO[C@@H]7[C@@H](O[C@H]8O[C@H](CO)[C@@H](O)[C@H](N)[C@H]8O)[C@H](N)C[C@H](N)[C@H]7O[C@H]7O[C@H](CN)[C@@H](O)C[C@H]7N)nn6)CC5)c(O)c4c3C2=O)NC(=O)/C(C)=C\C=C\[C@H](C)[C@H](O)[C@@H](C)[C@@H](O)[C@@H](C)[C@H](OC(C)=O)[C@@H]1C,sequence_too_long
CHEMBL4804128,CC[C@H]1OC(=O)[C@H](C)[C@@H](O[C@H]2C[C@@](C)(OC)[C@@H](O)[C@H](C)O2)[C@H](C)[C@@H](O[C@@H]2O[C@H](C)C[C@H](N(C)C)[C@H]2O)[C@](C)(O)C[C@@H](C)CN(C(=O)CCCCCCCCC[P+](c2ccccc2)(c2ccccc2)c2ccccc2)[C@H](C)[C@@H](O)[C@]1(C)O,sequence_too_long
CHEMBL4804159,COc1cc(NC(=O)c2ccccn2)ccc1NC(=O)c1ccc(NC(=O)COCC(=O)NCCCNC(=O)COc2ccc(-c3cccc(COc4cc5c(c(C)c4C)C(=O)C(C4CCCC4)C5)c3)cc2C(=O)O)cc1Cl,sequence_too_long
CHEMBL4845665,C[C@@H]1NC(=O)[C@@H](Cc2ccccc2)NC(=O)[C@@H]2CCCCNC(=O)c3cc(cc(c3)C(=O)N[C@H](Cc3ccc4ccccc4c3)C(=O)N[C@@H](CO)C(=O)N[C@@H](CC(N)=O)C(=O)N[C@H](Cc3ccc4ccccc4c3)C(=O)N[C@@H](c3ccccc3)C(=O)N2)C(=O)NC[C@@H](C(=O)N[C@@H](CCCN)C(=O)N[C@H](CCCNC(=N)N)C(=O)N[C@@H](Cc2ccccc2)C(=O)N[C@H](C)C(N)=O)NC(=O)[C@H](CCCNC(=N)N)NC(=O)[C@@H](CCCNC(=N)N)NC1=O,sequence_too_long
CHEMBL4845667,C=C(C(=O)OCc1cn([C@@H]2O[C@H](COC(C)=O)[C@@H](OC(C)=O)[C@H](OC(C)=O)[C@H]2OC(C)=O)nn1)[C@@H]1CC[C@]2(COC(C)=O)CC[C@]3(C)[C@H](CC[C@@H]4[C@@]5(C)CC[C@H](OC(C)=O)C(C)(C)[C@@H]5CC[C@]43C)[C@@H]12,sequence_too_long
CHEMBL4845681,CC(C)[C@H]1C(=O)O[C@H](C)[C@H](NC(=O)c2c3nc4c(C(=O)N[C@@H]5C(=O)N[C@H](C(C)C)C(=O)N6CCC[C@H]6C(=O)N(C)CC(=O)N(C)[C@@H](C(C)C)C(=O)O[C@@H]5C)ccc(Cl)c4oc-3c(Cl)c(=O)c2N)C(=O)N[C@H](C(C)C)C(=O)N2CCC[C@H]2C(=O)N(C)CC(=O)N1C,sequence_too_long
CHEMBL4845683,CN[C@@H](C)C(=O)N[C@H](C(=O)N1C[C@@H](NC(=O)c2cnc(N3CCN(CCCOc4cc5ncnc(Nc6n[nH]c(C)c6C)c5cc4S(=O)(=O)C(C)(C)C)CC3)cn2)CC1C(=O)NC1CCCc2ccccc21)C(C)(C)C,sequence_too_long
CHEMBL4845693,Nc1nc2c(ncn2CC2CCCN(CP(=O)([O-])[O-])C2)c(=O)[nH]1.[Na+].[Na+],multi_fragment
CHEMBL4845704,CCc1ccc(-c2nc(C[C@H](N)C(=O)N[C@@H](Cc3c[nH]c4ccccc34)C(=O)N[C@@H](CCCNC(=N)N)C(=O)NCc3ccccc3)c[nH]2)cc1.Cl.Cl,multi_fragment
CHEMBL4845712,CC[C@H](C)[C@@H]1NC(=O)[C@@H]2CSSC[C@@H](C(N)=O)NC(=O)[C@H](CC(C)C)NC(=O)[C@H](CCC(=O)O)NC(=O)[C@@H]3CCCN3C(=O)[C@H](Cc3cnc[nH]3)NC(=O)[C@H](CC(N)=O)NC(=O)[C@H](C(C)C)NC(=O)[C@H](CO)NC(=O)[C@H](CSSC[C@H](NC(=O)CN)C(=O)N2)NC(=O)[C@H](C)NC(=O)[C@@H]2CCCN2C(=O)[C@H](Cc2cnc[nH]2)NC1=O,sequence_too_long
CHEMBL4845713,C[n+]1c(/C=C/c2ccc(N3CCOCC3)cc2)sc2ccccc21.[I-],multi_fragment
CHEMBL4845719,CC[C@H](C)[C@H](NC(=O)[C@H](CCCNC(=N)N)NC(=O)[C@H](CCCCN)NC(=O)[C@H](Cc1ccccc1)NC(=O)[C@H](Cc1c[nH]c2ccccc12)NC(=O)CN)C(=O)N[C@@H](CCCCN)C(=O)N[C@H](C(=O)N[C@@H](Cc1ccccc1)C(=O)N[C@@H](Cc1c[nH]c2ccccc12)C(N)=O)[C@@H](C)O,sequence_too_long
CHEMBL4845725,CC[C@H](C)[C@@H]1NC(=O)[C@@H](NC(=O)[C@H](CC(C)C)NC(=O)[C@H](CC(C)C)NC(=O)[C@H](CCC(N)=O)NC(=O)[C@H](CCCCN)NC(C)=O)CCCc2cn(nn2)CCC[C@@H](C(=O)N[C@@H](Cc2ccc(O)cc2)C(=O)N[C@@H](Cc2c[nH]c3ccccc23)C(=O)N[C@H](C(=O)N[C@@H](CO)C(N)=O)[C@@H](C)O)NC(=O)[C@@H]2CCCN2C(=O)[C@H](CCCNC(=N)N)NC(=O)[C@H](CC(=O)O)NC(=O)CNC(=O)[C@H](CO)NC(=O)[C@H](CCCNC(=N)N)NC1=O,sequence_too_long
CHEMBL4845734,Cc1ccc2c(N)c3c(nc2c1)CCCCC3.Cl,multi_fragment
CHEMBL4845765,CCCCCCCCCCCCCCOCC(CNC(=O)C1(NC(=O)OCc2ccccc2)CCNCC1)OCCCCCCCCCCCCCC.Cl,multi_fragment
CHEMBL5425789,CN[C@@H](C)C(=O)N[C@H](C(=O)N1C[C@@H](Oc2cccc(OCCCCC(=O)N[C@H](C(=O)N3C[C@H](O)C[C@H]3C(=O)NCc3ccc(-c4scnc4C)cc3)C(C)(C)C)c2)C[C@H]1C(=O)N[C@@H]1CCCc2ccccc21)C1CCCCC1,sequence_too_long
CHEMBL5425804,CC(=O)N1CCC[C@H]1C(=O)N[C@@H](CCCNC(=N)N)C(=O)N[C@@H](CO)C(=O)N[C@@H](Cc1ccccc1)C(=O)N[C@@H](CC(C)C)C(=O)N[C@H](C(=O)N[C@@H](CCCNC(=N)N)C(=O)N[C@@H](CCCCN)C(=O)N1CCC[C@H]1C(=O)N[C@@H](CO)C(=O)N[C@@H](CC(=O)O)C(=O)N1CCC[C@H]1C(=O)N[C@@H](CC(N)=O)C(=O)N[C@@H](CCCNC(=N)N)C(=O)N[C@@H](CCCCN)C(=O)N1CCC[C@H]1C(=O)N[C@@H](CC(N)=O)C(=O)N[C@@H](Cc1ccc(O)cc1)C(=O)N[C@@H](CO)C(=O)N[C@@H](CCC(=O)O)C(=O)N[C@@H](CCCNC(=N)N)C(=O)N[C@@H](CCCNC(=N)N)C(=O)N[C@@H](CCCNC(=N)N)C(=O)N[C@@H](CCCNC(=N)N)C(N)=O)C(C)C,sequence_too_long
CHEMBL5425811,Cl.O=C(N[C@H]1CNCC[C@@H]1c1ccc(F)c(F)c1)c1cc2c(s1)OCCn1ncc(Br)c1-2,multi_fragment
CHEMBL5425837,CC[C@H](C)[C@@H]1NC(=O)[C@H](CCCCN)NC(=O)[C@H](Cc2ccc(I)cc2)NC(=O)CNC(=O)[C@H](Cc2ccc(O)cc2)NC(=O)[C@H](CC(C)C)NC(=O)[C@H](CCCNC(=N)N)NC(=O)[C@@H](NC(=O)CNC(=O)CCCCCNC(=O)[C@H](CCCCN)NC(=O)[C@H](CCC(=O)O)NC(=O)[C@H](CCCCN)NC(=O)[C@@H](NC(=O)[C@H](CCCCN)NC(=O)[C@H](CC(N)=O)NC(=O)[C@H](CCCNC(=N)N)NC(=O)[C@H](Cc2ccccc2)NC(=O)[C@H](CCCCN)NC(=O)[C@H](CCCNC(=N)N)NC(=O)[C@H](CC(C)C)NC(=O)[C@H](CCCNC(=N)N)NC(=O)[C@H](CCCCN)NC(=O)[C@H](CCCNC(=N)N)NC(=O)[C@H](CC(C)C)NC(=O)CN)[C@@H](C)CC)CSSC[C@@H](C(=O)NCC(=O)O)NC(=O)CNC(=O)[C@H](Cc2cnc[nH]2)NC1=O,sequence_too_long
CHEMBL5425838,Cl.N#Cc1c[nH]c2c(C(=O)N[C@H]3CC[C@@]4(O)[C@H]5Cc6ccc(O)c7c6[C@@]4(CCN5CC4CC4)[C@H]3O7)cccc12,multi_fragment
CHEMBL5425866,C[C@@H](CC[C@@]1(O)O[C@H]2C[C@H]3[C@@H]4CC[C@@H]5C[C@@H](O[C@@H]6O[C@H](CO)[C@H](O[C@@H]7O[C@H](CO)[C@@H](O)[C@H](O[C@@H]8OC[C@@H](O)[C@H](O)[C@H]8O)[C@H]7O[C@@H]7O[C@H](CO)[C@H](O)[C@H](O)[C@H]7O)[C@H](O)[C@H]6O)[C@H](O)C[C@]5(C)[C@H]4CC[C@]3(C)[C@H]2[C@@H]1C)CO[C@@H]1O[C@H](CO)[C@@H](O)[C@H](O)[C@H]1O,sequence_too_long
CHEMBL5425873,CC[C@H](C)[C@@H]1NC(=O)[C@@H](CCC(N)=O)NC(=O)[C@H](CC(C)C)NC(=O)[C@H](CC(C)C)NC(=O)[C@@H](CCC(N)=O)NC(=O)[C@@H](CC(C)C)NC(=O)[C@@H](C(C)C)NC(=O)[C@H](NC(=O)[C@H](CCC(N)=O)NC(=O)[C@@H](CC(C)C)NC(=O)[C@H](NC(=O)[C@@H](CCC(N)=O)NC(=O)[C@@H](CCC(=O)O)NC(=O)[C@H](CC(C)C)NC(=O)CCC2CCCCC2)C(C)C)COC1=O,sequence_too_long
CHEMBL5425880,CC(C)CCn1c[n+](C)c2c1C(=O)c1cc3ccccc3cc1C2=O.[I-],multi_fragment
CHEMBL5425882,Cl.NC[C@H]1O[C@H](O[C@H]2[C@H](OCc3ccccc3)[C@@H](O[C@H]3O[C@H](COCc4ccccc4)[C@@H](OCc4ccccc4)[C@H](N)[C@H]3OCc3ccccc3)[C@H](N)C[C@@H]2N)[C@H](N)C[C@@H]1OCc1ccccc1,multi_fragment
CHEMBL5425887,CS(=O)(=O)O.CS(=O)(=O)O.N=C(N)c1ccc2nc(C3CCC(c4nc5ccc(C(=N)N)cc5s4)CC3)sc2c1,multi_fragment
CHEMBL5425958,CCN(c1ccc(OCCCCCC(=O)N[C@H](C(=O)N2C[C@@H](O)C[C@H]2C(=O)N[C@@H](C)c2ccc(-c3scnc3C)cc2)C(C)(C)C)cc1)S(=O)(=O)C1CC2OC1C(c1ccc(O)cc1)=C2c1ccc(O)cc1,sequence_too_long
CHEMBL5425992,CSCCc1c(O)nc(SCCN(C)C)[nH]c1=O.Cl,multi_fragment
CHEMBL5426018,CC(C)[C@@H]1NC(=O)[C@H](Cc2ccccc2)NC(=O)[C@@H](NC(=O)[C@@H]2CCCCn3cc(nn3)C[C@H](NC(=O)CCCCCNC(=O)[C@@H](N)CCCCN)C(=O)N[C@@H](Cc3c[nH]c4ccccc34)C(=O)N[C@@H](CCCNC(=N)N)C(=O)N[C@@H](CCC(N)=O)C(=O)N2)Cc2cn(nn2)CCCC[C@@H](C(=O)N[C@@H](Cc2ccc(O)cc2)C(N)=O)NC(=O)[C@H](CC(=O)O)NC1=O,sequence_too_long
CHEMBL5426023,CC(C)C[C@H](NC(=O)[C@@H](CC(C)C)NC(=O)[C@H](CCCCN)NC(=O)[C@@H](CC(C)C)NC(=O)[C@H](CC(C)C)NC(=O)[C@@H](CCCCN)NC(=O)[C@H](CC(C)C)NC(=O)[C@@H](CC(C)C)NC(=O)[C@H](CCCCN)NC(=O)[C@H](N)CCCCN)C(=O)N[C@H](CC(C)C)C(N)=O,sequence_too_long
CHEMBL5806269,Cn1cc(NC(=O)c2ccc3ccc(N4CCNCC5(CC5)C4)nn23)c(C(F)F)n1.O=C(O)C(F)(F)F,multi_fragment
CHEMBL5959799,COC1C(=O)C(C)CC/C=C\C=C/C=C(/C)[C@H](NS(C)(=O)=O)C[C@H]2CC[C@H](C)[C@](O)(O2)C(=O)C(=O)N(C)C(C)C(=O)OC([C@H](C)C[C@@H]2CC[C@@H](OCC3CCCC3)[C@H](OC)C2)CC(=O)C(C)/C=C(/C)C1O,sequence_too_long
CHEMBL6199446,Cc1ccc(S(=O)(=O)NC[C@H]2O[C@H](O[C@H]3[C@H](OS(=O)(=O)O)[C@@H](O[C@H]4O[C@H](COS(=O)(=O)O)[C@@H](OS(=O)(=O)O)[C@H](NS(=O)(=O)c5ccc(C)cc5)[C@H]4OS(=O)(=O)O)[C@H](NS(=O)(=O)c4ccc(C)cc4)C[C@@H]3NS(=O)(=O)O)[C@H](NS(=O)(=O)c3ccc(C)cc3)C[C@@H]2OS(=O)(=O)O)cc1,sequence_too_long
CHEMBL6199447,CC(=O)OC[C@H]1O[C@H](O[C@@H]2[C@@H](OS(=O)(=O)O)[C@H](O[C@H]3O[C@H](CNC(=O)c4ccccc4)[C@@H](OS(=O)(=O)O)C[C@H]3NC(=O)c3ccccc3)[C@@H](NS(=O)(=O)O)C[C@H]2NC(=O)c2ccccc2)[C@H](OS(=O)(=O)O)[C@@H](NC(=O)c2ccccc2)[C@@H]1OS(=O)(=O)O,sequence_too_long
CHEMBL6199454,CC(C)(C)OC(=O)N1CCN(C(=O)[C@H]2O[C@H](O[C@@H]3[C@@H](O)[C@H](O[C@H]4O[C@H](CNS(=O)(=O)O)[C@@H](O)C[C@H]4NS(=O)(=O)O)[C@@H](NS(=O)(=O)O)C[C@H]3NS(=O)(=O)O)[C@H](O)[C@@H](NS(=O)(=O)O)[C@@H]2O)CC1,sequence_too_long
CHEMBL6199458,CN[C@H](CC(C)C)C(=O)N[C@H]1C(=O)N[C@@H](CC(N)=O)C(=O)N[C@H]2C(=O)N[C@H]3C(=O)N[C@H](C(=O)N[C@H](C(=O)O)c4cc(O)c(CNCCC[S+](C)C[C@H](O)COc5ccccc5)c(O)c4-c4cc3ccc4O)[C@H](O)c3ccc(c(Cl)c3)Oc3cc2cc(c3O[C@@H]2O[C@H](CO)[C@@H](O)[C@H](O)[C@H]2O[C@H]2C[C@](C)(N)[C@H](O)[C@H](C)O2)Oc2ccc(cc2Cl)[C@H]1O,sequence_too_long
CHEMBL6199464,Cc1ccc(S(=O)(=O)N2CCN(C(=O)[C@H]3O[C@H](O[C@@H]4[C@@H](O)[C@H](O[C@H]5O[C@H](CNS(=O)(=O)O)[C@@H](O)C[C@H]5NS(=O)(=O)O)[C@@H](NS(=O)(=O)O)C[C@H]4NS(=O)(=O)O)[C@H](O)[C@@H](NS(=O)(=O)O)[C@@H]3O)CC2)cc1,sequence_too_long
CHEMBL6199466,CN(C(=O)[C@H]1O[C@H](O[C@@H]2[C@@H](OCc3ccc4ccccc4c3)[C@H](O[C@H]3O[C@H](CNS(=O)(=O)O)[C@@H](OCc4ccc5ccccc5c4)C[C@H]3NS(=O)(=O)O)[C@@H](NS(=O)(=O)O)C[C@H]2NS(=O)(=O)O)[C@H](OCc2ccc3ccccc3c2)[C@@H](NS(=O)(=O)O)[C@@H]1OCc1ccc2ccccc2c1)c1ccccc1,sequence_too_long
CHEMBL6199470,Cc1c(C)c(OCCCS(=O)(=O)O)c2c(c1OCCCS(=O)(=O)O)CN1C(=O)N3CN4C(=O)N5CN6C(=O)N7CN8C(=O)N9Cc%10c(c(OCCCS(=O)(=O)O)c(C)c(C)c%10OCCCS(=O)(=O)O)CN%10C(=O)N(CN%11C(=O)N(CN%12C(=O)N(CN%13C(=O)N(C2)[C@]1(C)[C@]%133C)[C@@H]4[C@@H]5%12)[C@@H]6[C@@H]7%11)[C@]8(C)[C@]%109C,sequence_too_long
CHEMBL6199478,O=C([C@H]1O[C@H](O[C@@H]2[C@@H](OCc3ccc4ccccc4c3)[C@H](O[C@H]3O[C@H](CNS(=O)(=O)O)[C@@H](OCc4ccc5ccccc5c4)C[C@H]3NS(=O)(=O)O)[C@@H](NS(=O)(=O)O)C[C@H]2NS(=O)(=O)O)[C@H](OCc2ccc3ccccc3c2)[C@@H](NS(=O)(=O)O)[C@@H]1OCc1ccc2ccccc2c1)N1CCCCC1,sequence_too_long
CHEMBL6199486,O=C(CCl)NC[C@H]1O[C@H](O[C@H]2[C@H](OS(=O)(=O)O)[C@@H](O[C@H]3O[C@H](COS(=O)(=O)O)[C@@H](OS(=O)(=O)O)[C@H](NC(=O)CCl)[C@H]3OS(=O)(=O)O)[C@H](NC(=O)CCl)C[C@@H]2NS(=O)(=O)O)[C@H](NC(=O)CCl)C[C@@H]1OS(=O)(=O)O,sequence_too_long
CHEMBL6199492,c1cc[n+](CCCCCOc2ccc(-c3c4nc(c(-c5ccc(OCCCCC[n+]6ccccc6)cc5)c5[nH]c(c(-c6ccc(OCCCCC[n+]7ccccc7)cc6)c6nc(c(-c7ccc(OCCCCC[n+]8ccccc8)cc7)c7[nH]c3c3cc8ccccc8cc73)-c3cc7ccccc7cc3-6)c3cc6ccccc6cc53)-c3cc5ccccc5cc3-4)cc2)cc1,sequence_too_long
CHEMBL6199494,CC[N+](C)(CC)CCCCCCOc1ccc(-c2c3nc(c(-c4ccc(OCCCCCC[N+](C)(CC)CC)cc4)c4[nH]c(c(-c5ccc(OCCCCCC[N+](C)(CC)CC)cc5)c5nc(c(-c6ccc(OCCCCCC[N+](C)(CC)CC)cc6)c6[nH]c2c2cc7ccccc7cc62)-c2cc6ccccc6cc2-5)c2cc5ccccc5cc42)-c2cc4ccccc4cc2-3)cc1,sequence_too_long
CHEMBL6199497,C[N+](C)(C)CCCCCOc1ccc(-c2c3nc(c(-c4ccc(OCCCCC[N+](C)(C)C)cc4)c4[nH]c(c(-c5ccc(OCCCCC[N+](C)(C)C)cc5)c5nc(c(-c6ccc(OCCCCC[N+](C)(C)C)cc6)c6[nH]c2c2cc7ccccc7cc62)-c2cc6ccccc6cc2-5)c2cc5ccccc5cc42)-c2cc4ccccc4cc2-3)cc1,sequence_too_long
CHEMBL6199501,CN[C@H](CC(C)C)C(=O)N[C@H]1C(=O)N[C@@H](CC(N)=O)C(=O)N[C@H]2C(=O)N[C@H]3C(=O)N[C@H](C(=O)N[C@H](C(=O)O)c4cc(O)cc(O)c4-c4cc3ccc4O)[C@H](O)c3ccc(c(Cl)c3)Oc3cc2cc(c3O[C@@H]2O[C@H](CO)[C@@H](O)[C@H](O)[C@H]2O[C@H]2C[C@](C)(NC(=O)CCCCCCCCCCC[n+]3cccc(F)c3)[C@H](O)[C@H](C)O2)Oc2ccc(cc2Cl)[C@H]1O,sequence_too_long
CHEMBL6199508,CC[N+](C)(CC)CCCOc1ccc(-c2c3nc(c(-c4ccc(OCCC[N+](C)(CC)CC)cc4)c4[nH]c(c(-c5ccc(OCCC[N+](C)(CC)CC)cc5)c5nc(c(-c6ccc(OCCC[N+](C)(CC)CC)cc6)c6[nH]c2c2cc7ccccc7cc62)-c2cc6ccccc6cc2-5)c2cc5ccccc5cc42)-c2cc4ccccc4cc2-3)cc1,sequence_too_long
CHEMBL6199512,CC[C@@H](C(=O)[C@@H](C)[C@@H](O)[C@H](C)[C@@H]1O[C@@H]([C@@H](CC)C(=O)O)CC[C@@H]1C)[C@H]1O[C@]2(C=C[C@@H](NS(=O)(=O)c3ccc(C(F)(F)F)cc3)[C@]3(CC[C@@](C)([C@H]4CC[C@](O)(CC)[C@H](C)O4)O3)O2)[C@H](C)C[C@@H]1C,sequence_too_long
CHEMBL6199519,CCCCCCCCCCCCCC[N+]1(C)CCN(C(=O)[C@H]2NC(=O)[C@H]3NC(=O)[C@H](NC(=O)[C@@H]4NC(=O)[C@H](CC(N)=O)NC(=O)[C@H](NC(=O)[C@@H](CC(C)C)NC)[C@H](O)c5ccc(c(Cl)c5)Oc5cc4cc(c5O[C@@H]4O[C@H](CO)[C@@H](O)[C@H](O)[C@H]4O[C@H]4C[C@](C)(N)[C@H](O)[C@H](C)O4)Oc4ccc(cc4Cl)[C@H]3O)c3ccc(O)c(c3)-c3c(O)cc(O)cc32)CC1,sequence_too_long
CHEMBL6199522,CCOc1ccccc1[P+](CCCCCCOC(=O)[C@H](CC)[C@H]1CC[C@H](C)[C@H]([C@@H](C)[C@H](O)[C@H](C)C(=O)[C@H](CC)[C@H]2O[C@]3(C=C[C@@H](O)[C@]4(CC[C@@](C)([C@H]5CC[C@](O)(CC)[C@H](C)O5)O4)O3)[C@H](C)C[C@@H]2C)O1)(c1ccccc1OC)c1ccccc1OC,sequence_too_long
CHEMBL6199523,CN[C@H](CC(C)C)C(=O)N[C@H]1C(=O)N[C@@H](CC(N)=O)C(=O)N[C@H]2C(=O)N[C@H]3C(=O)N[C@H](C(=O)N[C@H](C(=O)NCCC[S+](C)CC(O)COc4ccc(C(C)(C)C)cc4)c4cc(O)cc(O)c4-c4cc3ccc4O)[C@H](O)c3ccc(c(Cl)c3)Oc3cc2cc(c3O[C@@H]2O[C@H](CO)[C@@H](O)[C@H](O)[C@H]2O[C@H]2C[C@](C)(N)[C@H](O)[C@H](C)O2)Oc2ccc(cc2Cl)[C@H]1O,sequence_too_long
CHEMBL6199530,Cc1ccc(S(=O)(=O)N2CCN(C(=O)[C@H]3O[C@H](O[C@@H]4[C@@H](OCc5ccc6ccccc6c5)[C@H](O[C@H]5O[C@H](CNS(=O)(=O)O)[C@@H](OCc6ccc7ccccc7c6)C[C@H]5NS(=O)(=O)O)[C@@H](NS(=O)(=O)O)C[C@H]4NS(=O)(=O)O)[C@H](OCc4ccc5ccccc5c4)[C@@H](NS(=O)(=O)O)[C@@H]3OCc3ccc4ccccc4c3)CC2)cc1,sequence_too_long
CHEMBL6199537,CN[C@H](CC(C)C)C(=O)N[C@H]1C(=O)N[C@@H](CC(N)=O)C(=O)N[C@H]2C(=O)N[C@H]3C(=O)N[C@H](C(=O)N[C@H](C(=O)NCCC[S+](C)C[C@@H](O)COc4ccccc4)c4cc(O)cc(O)c4-c4cc3ccc4O)[C@H](O)c3ccc(c(Cl)c3)Oc3cc2cc(c3O[C@@H]2O[C@H](CO)[C@@H](O)[C@H](O)[C@H]2O[C@H]2C[C@](C)(N)[C@H](O)[C@H](C)O2)Oc2ccc(cc2Cl)[C@H]1O,sequence_too_long
CHEMBL6199538,CN[C@H](CC(C)C)C(=O)N[C@H]1C(=O)N[C@@H](CC(N)=O)C(=O)N[C@H]2C(=O)N[C@H]3C(=O)N[C@H](C(=O)N[C@H](C(=O)NCCC[S+](C)CC(O)COc4cccc(Cl)c4)c4cc(O)cc(O)c4-c4cc3ccc4O)[C@H](O)c3ccc(c(Cl)c3)Oc3cc2cc(c3O[C@@H]2O[C@H](CO)[C@@H](O)[C@H](O)[C@H]2O[C@H]2C[C@](C)(N)[C@H](O)[C@H](C)O2)Oc2ccc(cc2Cl)[C@H]1O,sequence_too_long
CHEMBL6199544,CC[N+](C)(CC)CCCCOc1ccc(-c2c3nc(c(-c4ccc(OCCCC[N+](C)(CC)CC)cc4)c4[nH]c(c(-c5ccc(OCCCC[N+](C)(CC)CC)cc5)c5nc(c(-c6ccc(OCCCC[N+](C)(CC)CC)cc6)c6[nH]c2c2cc7ccccc7cc62)-c2cc6ccccc6cc2-5)c2cc5ccccc5cc42)-c2cc4ccccc4cc2-3)cc1,sequence_too_long
CHEMBL6199552,CN[C@H](CC(C)C)C(=O)N[C@H]1C(=O)N[C@@H](CC(N)=O)C(=O)N[C@H]2C(=O)N[C@H]3C(=O)N[C@H](C(=O)N[C@H](C(=O)O)c4cc(O)cc(O)c4-c4cc3ccc4O)[C@H](O)c3ccc(c(Cl)c3)Oc3cc2cc(c3O[C@@H]2O[C@H](CO)[C@@H](O)[C@H](O)[C@H]2O[C@H]2C[C@](C)(NCCC[S+](C)C[C@@H](O)COc3ccccc3)[C@H](O)[C@H](C)O2)Oc2ccc(cc2Cl)[C@H]1O,sequence_too_long
CHEMBL6199569,O=C(Nc1cccc2ccccc12)[C@H]1O[C@H](O[C@@H]2[C@@H](OCc3ccc4ccccc4c3)[C@H](O[C@H]3O[C@H](CNS(=O)(=O)O)[C@@H](OCc4ccc5ccccc5c4)C[C@H]3NS(=O)(=O)O)[C@@H](NS(=O)(=O)O)C[C@H]2NS(=O)(=O)O)[C@H](OCc2ccc3ccccc3c2)[C@@H](NS(=O)(=O)O)[C@@H]1OCc1ccc2ccccc2c1,sequence_too_long
CHEMBL6199581,CN[C@H](CC(C)C)C(=O)N[C@H]1C(=O)N[C@@H](CC(N)=O)C(=O)N[C@H]2C(=O)N[C@H]3C(=O)N[C@H](C(=O)N[C@H](C(=O)NCCC[S+](C)CC(O)COc4ccc(-c5ccc(C(F)(F)F)cc5)cc4)c4cc(O)cc(O)c4-c4cc3ccc4O)[C@H](O)c3ccc(c(Cl)c3)Oc3cc2cc(c3O[C@@H]2O[C@H](CO)[C@@H](O)[C@H](O)[C@H]2O[C@H]2C[C@](C)(N)[C@H](O)[C@H](C)O2)Oc2ccc(cc2Cl)[C@H]1O,sequence_too_long
CHEMBL6199587,CC(C)CCC[C@@H](C)[C@H]1CC[C@@H]2[C@@H]3CC[C@@H]4C[C@H](O[C@@H]5O[C@@H](COS(=O)(=O)O)[C@H](O[C@@H]6O[C@@H](COS(=O)(=O)O)[C@H](O[C@H]7O[C@H](COS(=O)(=O)O)[C@@H](O[C@H]8O[C@H](COS(=O)(=O)O)[C@@H](OS(=O)(=O)O)[C@H](OS(=O)(=O)O)[C@H]8OS(=O)(=O)O)[C@H](OS(=O)(=O)O)[C@H]7OS(=O)(=O)O)[C@@H](OS(=O)(=O)O)[C@@H]6OS(=O)(=O)O)[C@@H](OS(=O)(=O)O)[C@@H]5OS(=O)(=O)O)CC[C@@]4(C)[C@H]3CC[C@]21C,sequence_too_long
CHEMBL6199589,c1cc[n+](CCCCCCOc2ccc(-c3c4nc(c(-c5ccc(OCCCCCC[n+]6ccccc6)cc5)c5[nH]c(c(-c6ccc(OCCCCCC[n+]7ccccc7)cc6)c6nc(c(-c7ccc(OCCCCCC[n+]8ccccc8)cc7)c7[nH]c3c3cc8ccccc8cc73)-c3cc7ccccc7cc3-6)c3cc6ccccc6cc53)-c3cc5ccccc5cc3-4)cc2)cc1,sequence_too_long
CHEMBL6199591,O=C(NC[C@H]1O[C@H](O[C@H]2[C@H](OS(=O)(=O)O)[C@@H](O[C@H]3O[C@H](COS(=O)(=O)O)[C@@H](OS(=O)(=O)O)[C@H](NC(=O)C(Cl)(Cl)Cl)[C@H]3OS(=O)(=O)O)[C@H](NC(=O)C(Cl)(Cl)Cl)C[C@@H]2NS(=O)(=O)O)[C@H](NC(=O)C(Cl)(Cl)Cl)C[C@@H]1OS(=O)(=O)O)C(Cl)(Cl)Cl,sequence_too_long
CHEMBL6199593,CC[C@@H](C(=O)[C@@H](C)[C@@H](O)[C@H](C)[C@@H]1O[C@@H]([C@@H](CC)C(=O)O)CC[C@@H]1C)[C@H]1O[C@]2(C=C[C@@H](NC(=O)Nc3cc(F)cc(C(F)(F)F)c3)[C@]3(CC[C@@](C)([C@H]4CC[C@](O)(CC)[C@H](C)O4)O3)O2)[C@H](C)C[C@@H]1C,sequence_too_long
CHEMBL6199602,CN[C@H](CC(C)C)C(=O)N[C@H]1C(=O)N[C@@H](CC(N)=O)C(=O)N[C@H]2C(=O)N[C@H]3C(=O)N[C@H](C(=O)N[C@H](C(=O)O)c4cc(O)c(CNCCC[S+](C)CC(O)COc5ccc(-c6ccc(C(F)(F)F)cc6)cc5)c(O)c4-c4cc3ccc4O)[C@H](O)c3ccc(c(Cl)c3)Oc3cc2cc(c3O[C@@H]2O[C@H](CO)[C@@H](O)[C@H](O)[C@H]2O[C@H]2C[C@](C)(N)[C@H](O)[C@H](C)O2)Oc2ccc(cc2Cl)[C@H]1O,sequence_too_long
CHEMBL6199605,O=C(Nc1ccc(-c2ccccc2)cc1)[C@H]1O[C@H](O[C@@H]2[C@@H](O)[C@H](O[C@H]3O[C@H](CNS(=O)(=O)O)[C@@H](O)C[C@H]3NS(=O)(=O)O)[C@@H](NS(=O)(=O)O)C[C@H]2NS(=O)(=O)O)[C@H](O)[C@@H](NS(=O)(=O)O)[C@@H]1O,sequence_too_long
CHEMBL6199609,O=C(NC[C@H]1O[C@H](O[C@H]2[C@H](OS(=O)(=O)O)[C@@H](O[C@H]3O[C@H](COS(=O)(=O)O)[C@@H](OS(=O)(=O)O)[C@H](NC(=O)c4ccccc4)[C@H]3OS(=O)(=O)O)[C@H](NC(=O)c3ccccc3)C[C@@H]2NS(=O)(=O)O)[C@H](NC(=O)c2ccccc2)C[C@@H]1OS(=O)(=O)O)c1ccccc1,sequence_too_long
CHEMBL6199614,CC[C@]12N3Cc4c(c(OCCCS(=O)(=O)O)c5ccccc5c4OCCCS(=O)(=O)O)CN1C(=O)N1CN4C(=O)N5CN6C(=O)N7CN8C(=O)N9Cc%10c(c(OCCCS(=O)(=O)O)c%11ccccc%11c%10OCCCS(=O)(=O)O)CN%10C(=O)N(CN%11C(=O)N(CN%12C(=O)N(CN(C3=O)[C@]12CC)[C@@H]4[C@H]%125)[C@@H]6[C@H]%117)[C@]8(CC)[C@@]9%10CC,sequence_too_long
CHEMBL6199631,c1cc[n+](CCCCOc2ccc(-c3c4nc(c(-c5ccc(OCCCC[n+]6ccccc6)cc5)c5[nH]c(c(-c6ccc(OCCCC[n+]7ccccc7)cc6)c6nc(c(-c7ccc(OCCCC[n+]8ccccc8)cc7)c7[nH]c3c3cc8ccccc8cc73)-c3cc7ccccc7cc3-6)c3cc6ccccc6cc53)-c3cc5ccccc5cc3-4)cc2)cc1,sequence_too_long
CHEMBL6199632,CC[N+](C)(CC)CCCCCOc1ccc(-c2c3nc(c(-c4ccc(OCCCCC[N+](C)(CC)CC)cc4)c4[nH]c(c(-c5ccc(OCCCCC[N+](C)(CC)CC)cc5)c5nc(c(-c6ccc(OCCCCC[N+](C)(CC)CC)cc6)c6[nH]c2c2cc7ccccc7cc62)-c2cc6ccccc6cc2-5)c2cc5ccccc5cc42)-c2cc4ccccc4cc2-3)cc1,sequence_too_long
CHEMBL6199650,CN[C@H](CC(C)C)C(=O)N[C@H]1C(=O)N[C@@H](CC(N)=O)C(=O)N[C@H]2C(=O)N[C@H]3C(=O)N[C@H](C(=O)N[C@H](C(=O)O)c4cc(O)cc(O)c4-c4cc3ccc4O)[C@H](O)c3ccc(c(Cl)c3)Oc3cc2cc(c3O[C@@H]2O[C@H](CO)[C@@H](O)[C@H](O)[C@H]2O[C@H]2C[C@](C)(NC(=O)CCCCCCCCC[n+]3ccc(C)cc3)[C@H](O)[C@H](C)O2)Oc2ccc(cc2Cl)[C@H]1O,sequence_too_long
CHEMBL6199653,CN[C@H](CC(C)C)C(=O)N[C@H]1C(=O)N[C@@H](CC(N)=O)C(=O)N[C@H]2C(=O)N[C@H]3C(=O)N[C@H](C(=O)N[C@H](C(=O)NCCC[S+](C)CC(O)COc4ccc(-c5ccc(Cl)cc5)cc4)c4cc(O)cc(O)c4-c4cc3ccc4O)[C@H](O)c3ccc(c(Cl)c3)Oc3cc2cc(c3O[C@@H]2O[C@H](CO)[C@@H](O)[C@H](O)[C@H]2O[C@H]2C[C@](C)(N)[C@H](O)[C@H](C)O2)Oc2ccc(cc2Cl)[C@H]1O,sequence_too_long
CHEMBL6199654,CC[C@@H](C(=O)[C@@H](C)[C@@H](O)[C@H](C)[C@@H]1O[C@@H]([C@@H](CC)C(=O)OCCCC[P+](c2ccc(C)cc2)(c2ccc(C)cc2)c2ccc(C)cc2)CC[C@@H]1C)[C@H]1O[C@]2(C=C[C@@H](O)[C@]3(CC[C@@](C)([C@H]4CC[C@](O)(CC)[C@H](C)O4)O3)O2)[C@H](C)C[C@@H]1C,sequence_too_long
CHEMBL6199656,CN[C@H](CC(C)C)C(=O)N[C@H]1C(=O)N[C@@H](CC(N)=O)C(=O)N[C@H]2C(=O)N[C@H]3C(=O)N[C@H](C(=O)N[C@H](C(=O)O)c4cc(O)c(CNCCC[S+](C)CC(O)COc5ccccc5)c(O)c4-c4cc3ccc4O)[C@H](O)c3ccc(c(Cl)c3)Oc3cc2cc(c3O[C@@H]2O[C@H](CO)[C@@H](O)[C@H](O)[C@H]2O[C@H]2C[C@](C)(N)[C@H](O)[C@H](C)O2)Oc2ccc(cc2Cl)[C@H]1O,sequence_too_long
CHEMBL6199660,C[C@]12N3Cc4c(c(OCCC(=O)O)c5ccccc5c4OCCC(=O)O)CN1C(=O)N1CN4C(=O)N5CN6C(=O)N7CN8C(=O)N9Cc%10c(c(OCCC(=O)O)c%11ccccc%11c%10OCCC(=O)O)CN%10C(=O)N(CN%11C(=O)N(CN%12C(=O)N(CN(C3=O)[C@]12C)[C@@H]4[C@H]%125)[C@@H]6[C@H]%117)[C@]8(C)[C@@]9%10C,sequence_too_long
CHEMBL6199667,N=C(N)NC(=O)c1ccc(C(=O)NC(=N)NC(=O)c2ccc(C(=O)N[C@@H](Cc3ccccc3)C(=O)N[C@@H](CCCCN)C(=O)NCC(=O)NCCCC[C@H](N[C@@H](Cc3ccccc3)C(=O)N[C@@H](CCCCN)C(=O)NCC(N)=O)C(=O)NCCCC[C@H](NC(=O)[C@H](CCCCN[C@@H](Cc3ccccc3)C(=O)N[C@@H](CCCCN)C(=O)NCC(N)=O)NC(=O)N[C@@H](Cc3ccccc3)C(=O)N[C@@H](CCCCN)C(N)=O)C(N)=O)[nH]2)[nH]1,sequence_too_long
CHEMBL6199670,CC(=O)C[C@@]1(C)[C@@H]2CC[C@]3(C)[C@H](CC=C4[C@@H]5[C@@H](C)[C@H](C)CC[C@]5(C(=O)N5CCCN(C(=O)c6ccccc6-c6c7cc8c9c(c7[o+]c7c%10c%11c(cc67)CCCN%11CCC%10)CCCN9CCC8)CCC5)CC[C@]43C)[C@@]2(C)C[C@@H](OC(C)=O)[C@@H]1OC(C)=O,sequence_too_long
CHEMBL6199674,CN[C@H](CC(C)C)C(=O)N[C@H]1C(=O)N[C@@H](CC(N)=O)C(=O)N[C@H]2C(=O)N[C@H]3C(=O)N[C@H](C(=O)N[C@H](C(=O)O)c4cc(O)cc(O)c4-c4cc3ccc4O)[C@H](O)c3ccc(c(Cl)c3)Oc3cc2cc(c3O[C@@H]2O[C@H](CO)[C@@H](O)[C@H](O)[C@H]2O[C@H]2C[C@](C)(NCCC[S+](C)C[C@H](O)COc3ccccc3)[C@H](O)[C@H](C)O2)Oc2ccc(cc2Cl)[C@H]1O,sequence_too_long
CHEMBL6199677,COC(=O)CCC(=O)CNC(=O)c1ccc(CN2/C(=C/C=C3\CCCC(/C=C/C4=[N+](Cc5ccc(C(=O)NCC(=O)CCC(=O)OC)cc5)c5ccccc5C4(C)C)=C3Cl)C(C)(C)c3ccccc32)cc1,sequence_too_long
CHEMBL6199680,CN[C@H](CC(C)C)C(=O)N[C@H]1C(=O)N[C@@H](CC(N)=O)C(=O)N[C@H]2C(=O)N[C@H]3C(=O)N[C@H](C(=O)N[C@H](C(=O)NCCC[S+](C)CC(O)COc4ccc(-c5ccccc5)cc4)c4cc(O)cc(O)c4-c4cc3ccc4O)[C@H](O)c3ccc(c(Cl)c3)Oc3cc2cc(c3O[C@@H]2O[C@H](CO)[C@@H](O)[C@H](O)[C@H]2O[C@H]2C[C@](C)(N)[C@H](O)[C@H](C)O2)Oc2ccc(cc2Cl)[C@H]1O,sequence_too_long
CHEMBL6199681,CN[C@H](CC(C)C)C(=O)N[C@H]1C(=O)N[C@@H](CC(N)=O)C(=O)N[C@H]2C(=O)N[C@H]3C(=O)N[C@H](C(=O)N[C@H](C(=O)NCCC[S+](C)CC(O)COc4ccc(Cl)cc4)c4cc(O)cc(O)c4-c4cc3ccc4O)[C@H](O)c3ccc(c(Cl)c3)Oc3cc2cc(c3O[C@@H]2O[C@H](CO)[C@@H](O)[C@H](O)[C@H]2O[C@H]2C[C@](C)(N)[C@H](O)[C@H](C)O2)Oc2ccc(cc2Cl)[C@H]1O,sequence_too_long
CHEMBL6199683,COC(=O)CCC(=O)CNC(=O)c1ccc(CN2/C(=C/C=C3\CCCC(/C=C/C4=[N+](Cc5ccc(C(=O)NCC(=O)CCC(=O)OC)cc5)c5ccc6ccccc6c5C4(C)C)=C3Cl)C(C)(C)c3c2ccc2ccccc32)cc1,sequence_too_long
CHEMBL6199687,CC(C)C[C@H](C(=O)N[C@H]1C(=O)N[C@@H](CC(N)=O)C(=O)N[C@H]2C(=O)N[C@H]3C(=O)N[C@H](C(=O)N[C@H](C(=O)O)c4cc(O)cc(O)c4-c4cc3ccc4O)[C@H](O)c3ccc(c(Cl)c3)Oc3cc2cc(c3O[C@@H]2O[C@H](CO)[C@@H](O)[C@H](O)[C@H]2O[C@H]2C[C@](C)(N)[C@H](O)[C@H](C)O2)Oc2ccc(cc2Cl)[C@H]1O)N(C)CCC[S+](C)C[C@H](O)COc1ccccc1,sequence_too_long
CHEMBL6199690,CN[C@H](CC(C)C)C(=O)N[C@H]1C(=O)N[C@@H](CC(N)=O)C(=O)N[C@H]2C(=O)N[C@H]3C(=O)N[C@H](C(=O)N[C@H](C(=O)O)c4cc(O)c(CNCCC[S+](C)CC(O)COc5ccc(-c6ccccc6)cc5)c(O)c4-c4cc3ccc4O)[C@H](O)c3ccc(c(Cl)c3)Oc3cc2cc(c3O[C@@H]2O[C@H](CO)[C@@H](O)[C@H](O)[C@H]2O[C@H]2C[C@](C)(N)[C@H](O)[C@H](C)O2)Oc2ccc(cc2Cl)[C@H]1O,sequence_too_long
