dimension,group,count,clean_valid,augmented_valid,delta_valid,delta_valid_ci95_low,delta_valid_ci95_high,clean_isomeric_exact,augmented_isomeric_exact,delta_isomeric_exact,delta_isomeric_exact_ci95_low,delta_isomeric_exact_ci95_high,clean_nonisomeric_exact,augmented_nonisomeric_exact,delta_nonisomeric_exact,delta_nonisomeric_exact_ci95_low,delta_nonisomeric_exact_ci95_high,clean_tanimoto,augmented_tanimoto,delta_tanimoto,delta_tanimoto_ci95_low,delta_tanimoto_ci95_high
Atom count,11-20,2413,0.7646083713220058,0.7646083713220058,0.0,-0.014504765851636967,0.014504765851636967,0.09863240779113137,0.09946125155408206,0.0008288437629506838,-0.006216328222130129,0.008288437629506838,0.11935350186489847,0.1176958143389971,-0.0016576875259013675,-0.009117281392457521,0.006216328222130129,0.3267862439988669,0.3209339446670479,-0.005852299331818998,-0.01316070441283866,0.0015816194180658858
Atom count,2-10,2175,0.7783908045977012,0.7829885057471264,0.004597701149425287,-0.010574712643678161,0.019310344827586208,0.10574712643678161,0.10666666666666667,0.0009195402298850574,-0.0073563218390804595,0.009655172413793104,0.11402298850574713,0.1135632183908046,-0.0004597701149425287,-0.009195402298850575,0.008275862068965517,0.2651025215429809,0.2596161591205029,-0.005486362422477997,-0.013388425825633625,0.0022007709729439844
Atom count,21-30,441,0.7346938775510204,0.7369614512471655,0.0022675736961451248,-0.034013605442176874,0.03854875283446712,0.05442176870748299,0.047619047619047616,-0.006802721088435374,-0.02040816326530612,0.0045351473922902496,0.07029478458049887,0.06575963718820861,-0.0045351473922902496,-0.018140589569160998,0.006802721088435374,0.33182939631728664,0.32145833378747174,-0.010371062529814967,-0.02763711839020197,0.006739853013431227
Atom count,Unprofiled,6,0.5,0.6666666666666666,0.16666666666666666,0.0,0.5,0.0,0.0,0.0,0.0,0.0,0.0,0.0,0.0,0.0,0.0,0.0,0.0,0.0,0.0,0.0
Atom count,31+,53,0.5283018867924528,0.6037735849056604,0.07547169811320754,-0.05660377358490566,0.20754716981132076,0.018867924528301886,0.03773584905660377,0.018867924528301886,-0.03773584905660377,0.09433962264150944,0.018867924528301886,0.03773584905660377,0.018867924528301886,-0.03773584905660377,0.09433962264150944,0.26339698793293587,0.29511461031981906,0.03171762238688323,-0.05288682435390782,0.12352198147759634
Ring count,1,1645,0.7775075987841945,0.782370820668693,0.004863221884498481,-0.010349544072948327,0.02188449848024316,0.11732522796352583,0.11550151975683891,-0.00182370820668693,-0.01094224924012158,0.007902735562310031,0.13191489361702127,0.1276595744680851,-0.00425531914893617,-0.01276595744680851,0.00547112462006079,0.31413990073288145,0.3059454061574768,-0.008194494575404672,-0.01645444101976238,0.0009745819433765022
Ring count,0,2150,0.8134883720930233,0.8181395348837209,0.004651162790697674,-0.009302325581395349,0.01813953488372093,0.10418604651162791,0.10837209302325582,0.004186046511627907,-0.004186046511627907,0.013023255813953489,0.11534883720930232,0.11906976744186047,0.0037209302325581397,-0.0051162790697674414,0.012558139534883722,0.3167565937041114,0.3164240830354119,-0.0003325106686994771,-0.008109639912123148,0.007177079466513671
Ring count,3+,496,0.5846774193548387,0.5826612903225806,-0.0020161290322580645,-0.046370967741935484,0.04032258064516129,0.038306451612903226,0.034274193548387094,-0.004032258064516129,-0.018145161290322582,0.008064516129032258,0.056451612903225805,0.05040322580645161,-0.006048387096774193,-0.020161290322580645,0.006048387096774193,0.20710229457257145,0.19337083064262658,-0.013731463929944832,-0.031563091341615085,0.004781301740311764
Ring count,2,791,0.7231352718078382,0.7206068268015171,-0.0025284450063211127,-0.03034134007585335,0.02405183312262941,0.07206068268015171,0.0695322376738306,-0.0025284450063211127,-0.015170670037926675,0.010113780025284451,0.09481668773704172,0.0897597977243995,-0.0050568900126422255,-0.017699115044247787,0.007585335018963337,0.2843494867056806,0.27430979830844265,-0.010039688397238022,-0.024371580721439908,0.004319811233119462
Ring count,Unprofiled,6,0.5,0.6666666666666666,0.16666666666666666,0.0,0.5,0.0,0.0,0.0,0.0,0.0,0.0,0.0,0.0,0.0,0.0,0.0,0.0,0.0,0.0,0.0
Stereocenters,0,2736,0.7733918128654971,0.7722953216374269,-0.0010964912280701754,-0.014619883040935672,0.012792397660818713,0.11659356725146199,0.11695906432748537,0.0003654970760233918,-0.007309941520467836,0.00804093567251462,0.12353801169590643,0.12317251461988304,-0.0003654970760233918,-0.008406432748538011,0.007309941520467836,0.29333028690080093,0.28735925145364266,-0.005971035447158216,-0.013081555265929199,0.0015108520730568288
Stereocenters,2+,1318,0.7367223065250379,0.7435508345978755,0.006828528072837633,-0.012898330804248861,0.025796661608497723,0.06069802731411229,0.05993930197268589,-0.0007587253414264037,-0.00834597875569044,0.007587253414264037,0.09787556904400607,0.09104704097116843,-0.006828528072837633,-0.015174506828528073,0.0015174506828528073,0.2972636863066636,0.2915044771321639,-0.005759209174499726,-0.014988907307021763,0.003229403843254121
Stereocenters,1,1028,0.7811284046692607,0.7898832684824902,0.008754863813229572,-0.013618677042801557,0.032101167315175094,0.0914396887159533,0.0933852140077821,0.0019455252918287938,-0.009727626459143969,0.013618677042801557,0.09824902723735408,0.10214007782101167,0.0038910505836575876,-0.007782101167315175,0.016536964980544747,0.322066918043623,0.3171839895705715,-0.004882928473051511,-0.01621453654040911,0.006895453080346752
Stereocenters,Unprofiled,6,0.5,0.6666666666666666,0.16666666666666666,0.0,0.5,0.0,0.0,0.0,0.0,0.0,0.0,0.0,0.0,0.0,0.0,0.0,0.0,0.0,0.0,0.0
Reference SMILES length,26-50,2117,0.7590930562116203,0.7581483230987246,-0.000944733112895607,-0.017005196032120924,0.014182805857345236,0.09400094473311289,0.09022201228153047,-0.003778932451582428,-0.01228153046764289,0.004251299008030231,0.11525743977326405,0.10911667453944261,-0.006140765233821445,-0.014643363249881908,0.001889466225791214,0.32377405603573384,0.31454581330071085,-0.009228242735022985,-0.017282463064705763,-0.0012621150857330147
Reference SMILES length,1-25,2617,0.7852502865876958,0.7902178066488346,0.004967520061138708,-0.006878104700038212,0.01795949560565533,0.10966755827283149,0.11157814291173099,0.0019105846388995033,-0.00573175391669851,0.009935040122277417,0.1180741306839893,0.119220481467329,0.0011463507833397019,-0.006495987772258311,0.009170806266717615,0.28568767189732486,0.2817510951281822,-0.003936576769142681,-0.010790715352011345,0.003138897488760799
Reference SMILES length,51-75,324,0.6635802469135802,0.6759259259259259,0.012345679012345678,-0.033950617283950615,0.06172839506172839,0.021604938271604937,0.033950617283950615,0.012345679012345678,-7.71604938271561e-05,0.027777777777777776,0.043209876543209874,0.05555555555555555,0.012345679012345678,-0.0030864197530864196,0.030864197530864196,0.26359743910873884,0.26465893039676563,0.0010614912880268093,-0.021449853860023217,0.02327697296101787
Reference SMILES length,76+,30,0.5333333333333333,0.5666666666666667,0.03333333333333333,-0.13333333333333333,0.2,0.0,0.03333333333333333,0.03333333333333333,0.0,0.1,0.03333333333333333,0.03333333333333333,0.0,-0.1,0.1,0.23167036691464374,0.24991193197654024,0.0182415650618965,-0.08863504354919416,0.13884611757925766
